{
  "episodes_done": 16,
  "trials_done": 16,
  "top10": [
    {
      "rank": 1,
      "candidate_id": 13,
      "phase": "phase2_planner_only_cma",
      "phase_trial": 0,
      "objective_cost": 1.697502499999997,
      "mean_cost": 1.697502499999997,
      "std_cost": 0.0,
      "robust_cost": 1.697502499999997,
      "crashes": 0,
      "critical_crash_multiplier": 1.0,
      "theta": {
        "mpc.cost.q_ey": 1.0986745403858564,
        "mpc.cost.Q_epsi": 0.34951555355432257,
        "mpc.cost.R_dT": 2.520030554225845,
        "mpc.cost.R_u_ddelta_cmd": 2.4894884242965074,
        "mpc.cost.Q_beta": 0.08022759960388959,
        "mpc.cost.R_Mtv": 1.6289242456992892e-06,
        "mpc.bounds.max_vx": 8.014131668363826,
        "mpc.model.mux": 0.5,
        "mpc.model.muy": 0.8041465165723304
      }
    },
    {
      "rank": 2,
      "candidate_id": 16,
      "phase": "phase2_planner_only_cma",
      "phase_trial": 3,
      "objective_cost": 3.6742334999999984,
      "mean_cost": 3.6742334999999984,
      "std_cost": 0.0,
      "robust_cost": 3.6742334999999984,
      "crashes": 0,
      "critical_crash_multiplier": 1.0,
      "theta": {
        "mpc.cost.q_ey": 1.0986745403858564,
        "mpc.cost.Q_epsi": 0.34951555355432257,
        "mpc.cost.R_dT": 2.520030554225845,
        "mpc.cost.R_u_ddelta_cmd": 2.4894884242965074,
        "mpc.cost.Q_beta": 0.08022759960388959,
        "mpc.cost.R_Mtv": 1.6289242456992892e-06,
        "mpc.bounds.max_vx": 12.338246186178361,
        "mpc.model.mux": 0.5,
        "mpc.model.muy": 0.9918763850413707
      }
    },
    {
      "rank": 3,
      "candidate_id": 14,
      "phase": "phase2_planner_only_cma",
      "phase_trial": 1,
      "objective_cost": 151.98085,
      "mean_cost": 151.98085,
      "std_cost": 0.0,
      "robust_cost": 151.98085,
      "crashes": 1,
      "critical_crash_multiplier": 1.0,
      "theta": {
        "mpc.cost.q_ey": 1.0986745403858564,
        "mpc.cost.Q_epsi": 0.34951555355432257,
        "mpc.cost.R_dT": 2.520030554225845,
        "mpc.cost.R_u_ddelta_cmd": 2.4894884242965074,
        "mpc.cost.Q_beta": 0.08022759960388959,
        "mpc.cost.R_Mtv": 1.6289242456992892e-06,
        "mpc.bounds.max_vx": 12.529244233600314,
        "mpc.model.mux": 0.5,
        "mpc.model.muy": 0.7176824279412103
      }
    },
    {
      "rank": 4,
      "candidate_id": 3,
      "phase": "phase1_cost_only_cma",
      "phase_trial": 2,
      "objective_cost": 152.55365,
      "mean_cost": 152.55365,
      "std_cost": 0.0,
      "robust_cost": 152.55365,
      "crashes": 1,
      "critical_crash_multiplier": 1.2,
      "theta": {
        "mpc.bounds.max_vx": 10.5,
        "mpc.model.mux": 0.4,
        "mpc.model.muy": 0.4,
        "mpc.cost.q_ey": 1.0986745403858564,
        "mpc.cost.Q_epsi": 0.34951555355432257,
        "mpc.cost.R_dT": 2.520030554225845,
        "mpc.cost.R_u_ddelta_cmd": 2.4894884242965074,
        "mpc.cost.Q_beta": 0.08022759960388959,
        "mpc.cost.R_Mtv": 1.6289242456992892e-06
      }
    },
    {
      "rank": 5,
      "candidate_id": 11,
      "phase": "phase1_cost_only_cma",
      "phase_trial": 10,
      "objective_cost": 152.5684,
      "mean_cost": 152.5684,
      "std_cost": 0.0,
      "robust_cost": 152.5684,
      "crashes": 1,
      "critical_crash_multiplier": 1.2,
      "theta": {
        "mpc.bounds.max_vx": 10.5,
        "mpc.model.mux": 0.4,
        "mpc.model.muy": 0.4,
        "mpc.cost.q_ey": 3.424652881650334,
        "mpc.cost.Q_epsi": 0.1070568616135654,
        "mpc.cost.R_dT": 4.571367886011326,
        "mpc.cost.R_u_ddelta_cmd": 4.260452521599009,
        "mpc.cost.Q_beta": 0.1398203153395759,
        "mpc.cost.R_Mtv": 4.961252292227902e-07
      }
    },
    {
      "rank": 6,
      "candidate_id": 4,
      "phase": "phase1_cost_only_cma",
      "phase_trial": 3,
      "objective_cost": 152.58435,
      "mean_cost": 152.58435,
      "std_cost": 0.0,
      "robust_cost": 152.58435,
      "crashes": 1,
      "critical_crash_multiplier": 1.2,
      "theta": {
        "mpc.bounds.max_vx": 10.5,
        "mpc.model.mux": 0.4,
        "mpc.model.muy": 0.4,
        "mpc.cost.q_ey": 1.0156816265098707,
        "mpc.cost.Q_epsi": 0.49446425896466256,
        "mpc.cost.R_dT": 1.7845584916807877,
        "mpc.cost.R_u_ddelta_cmd": 6.4979740080127,
        "mpc.cost.Q_beta": 0.44077724305603533,
        "mpc.cost.R_Mtv": 9.141355522405675e-07
      }
    },
    {
      "rank": 7,
      "candidate_id": 9,
      "phase": "phase1_cost_only_cma",
      "phase_trial": 8,
      "objective_cost": 152.66910000000001,
      "mean_cost": 152.66910000000001,
      "std_cost": 0.0,
      "robust_cost": 152.66910000000001,
      "crashes": 1,
      "critical_crash_multiplier": 1.2,
      "theta": {
        "mpc.bounds.max_vx": 10.5,
        "mpc.model.mux": 0.4,
        "mpc.model.muy": 0.4,
        "mpc.cost.q_ey": 5.857326565238391,
        "mpc.cost.Q_epsi": 0.28574371243658264,
        "mpc.cost.R_dT": 0.7691943766393394,
        "mpc.cost.R_u_ddelta_cmd": 0.8008532409357731,
        "mpc.cost.Q_beta": 0.08350866604735618,
        "mpc.cost.R_Mtv": 3.049957344511605e-07
      }
    },
    {
      "rank": 8,
      "candidate_id": 8,
      "phase": "phase1_cost_only_cma",
      "phase_trial": 7,
      "objective_cost": 152.7122,
      "mean_cost": 152.7122,
      "std_cost": 0.0,
      "robust_cost": 152.7122,
      "crashes": 1,
      "critical_crash_multiplier": 1.2,
      "theta": {
        "mpc.bounds.max_vx": 10.5,
        "mpc.model.mux": 0.4,
        "mpc.model.muy": 0.4,
        "mpc.cost.q_ey": 4.003117113294431,
        "mpc.cost.Q_epsi": 0.2913372536135426,
        "mpc.cost.R_dT": 1.7982471777128424,
        "mpc.cost.R_u_ddelta_cmd": 0.7840875868515057,
        "mpc.cost.Q_beta": 0.32121997623697773,
        "mpc.cost.R_Mtv": 3.9336676843016066e-07
      }
    },
    {
      "rank": 9,
      "candidate_id": 5,
      "phase": "phase1_cost_only_cma",
      "phase_trial": 4,
      "objective_cost": 152.72285,
      "mean_cost": 152.72285,
      "std_cost": 0.0,
      "robust_cost": 152.72285,
      "crashes": 1,
      "critical_crash_multiplier": 1.2,
      "theta": {
        "mpc.bounds.max_vx": 10.5,
        "mpc.model.mux": 0.4,
        "mpc.model.muy": 0.4,
        "mpc.cost.q_ey": 1.3620936051209662,
        "mpc.cost.Q_epsi": 0.10000000000000002,
        "mpc.cost.R_dT": 0.9519565323043945,
        "mpc.cost.R_u_ddelta_cmd": 2.218720831899375,
        "mpc.cost.Q_beta": 0.046772413428912876,
        "mpc.cost.R_Mtv": 9.577623584632478e-07
      }
    },
    {
      "rank": 10,
      "candidate_id": 2,
      "phase": "phase1_cost_only_cma",
      "phase_trial": 1,
      "objective_cost": 152.72305,
      "mean_cost": 152.72305,
      "std_cost": 0.0,
      "robust_cost": 152.72305,
      "crashes": 1,
      "critical_crash_multiplier": 1.2,
      "theta": {
        "mpc.bounds.max_vx": 10.5,
        "mpc.model.mux": 0.4,
        "mpc.model.muy": 0.4,
        "mpc.cost.q_ey": 4.690757916867571,
        "mpc.cost.Q_epsi": 6.204675258208302,
        "mpc.cost.R_dT": 0.8664886357873415,
        "mpc.cost.R_u_ddelta_cmd": 0.72810832165461,
        "mpc.cost.Q_beta": 0.6366252090100776,
        "mpc.cost.R_Mtv": 1.4782085839386407e-07
      }
    }
  ],
  "timestamp_unix": 1773583444.8244352
}