{
  "episodes_done": 896,
  "trials_done": 224,
  "top10": [
    {
      "rank": 1,
      "candidate_id": 143,
      "phase": "phase3_joint_cma",
      "phase_trial": 14,
      "objective_cost": -25.637982477477088,
      "mean_cost": -26.192151875,
      "std_cost": 0.5541693975229107,
      "robust_cost": -25.637982477477088,
      "crashes": 0,
      "critical_crash_multiplier": 1.0,
      "theta": {
        "mpc.cost.q_ey": 2.38595160416039,
        "mpc.cost.Q_epsi": 28.283844624886346,
        "mpc.cost.R_dT": 20.31222806222578,
        "mpc.cost.R_u_ddelta_cmd": 6.299979013512169,
        "mpc.cost.R_Mtv": 1.77257092491005e-07,
        "mpc.cost.Q_beta": 0.3071588994394662,
        "mpc.bounds.max_vx": 15.661667404840776,
        "mpc.model.mux": 1.225347811925835,
        "mpc.model.muy": 1.268068782849293,
        "mpc.cost.q_sdot": 0.775315207801403
      }
    },
    {
      "rank": 2,
      "candidate_id": 152,
      "phase": "phase3_joint_cma",
      "phase_trial": 23,
      "objective_cost": -25.17496162772816,
      "mean_cost": -25.9497004375,
      "std_cost": 0.7747388097718394,
      "robust_cost": -25.17496162772816,
      "crashes": 0,
      "critical_crash_multiplier": 1.0,
      "theta": {
        "mpc.cost.q_ey": 2.0062732686087443,
        "mpc.cost.Q_epsi": 36.91287370413311,
        "mpc.cost.R_dT": 14.793345785100522,
        "mpc.cost.R_u_ddelta_cmd": 9.157032046060975,
        "mpc.cost.R_Mtv": 8.223827851587902e-08,
        "mpc.cost.Q_beta": 0.49995297791172766,
        "mpc.bounds.max_vx": 14.48261218903477,
        "mpc.model.mux": 0.9722978157896635,
        "mpc.model.muy": 1.2980630842762193,
        "mpc.cost.q_sdot": 0.6913322818296928
      }
    },
    {
      "rank": 3,
      "candidate_id": 223,
      "phase": "phase3_joint_cma",
      "phase_trial": 94,
      "objective_cost": -25.02410893997132,
      "mean_cost": -25.94961183125,
      "std_cost": 0.9255028912786777,
      "robust_cost": -25.02410893997132,
      "crashes": 0,
      "critical_crash_multiplier": 1.0,
      "theta": {
        "mpc.cost.q_ey": 3.0023209548050316,
        "mpc.cost.Q_epsi": 25.285323608570067,
        "mpc.cost.R_dT": 12.618309650529024,
        "mpc.cost.R_u_ddelta_cmd": 10.618764366696073,
        "mpc.cost.R_Mtv": 5.6848640795737756e-08,
        "mpc.cost.Q_beta": 0.4136141019326467,
        "mpc.bounds.max_vx": 14.864400735848118,
        "mpc.model.mux": 1.130916707244199,
        "mpc.model.muy": 1.3130960800291491,
        "mpc.cost.q_sdot": 0.4203909665494281
      }
    },
    {
      "rank": 4,
      "candidate_id": 101,
      "phase": "phase2_planner_qsdot_cma",
      "phase_trial": 36,
      "objective_cost": -24.88854097737466,
      "mean_cost": -25.392741275000002,
      "std_cost": 0.5042002976253421,
      "robust_cost": -24.88854097737466,
      "crashes": 0,
      "critical_crash_multiplier": 1.0,
      "theta": {
        "mpc.cost.q_ey": 1.6386525541025185,
        "mpc.cost.Q_epsi": 24.908150527062144,
        "mpc.cost.R_dT": 16.655583047627395,
        "mpc.cost.R_u_ddelta_cmd": 6.576107857766092,
        "mpc.cost.R_Mtv": 5.058118568329254e-08,
        "mpc.cost.Q_beta": 0.8269191158267248,
        "mpc.bounds.max_vx": 16.66765322780345,
        "mpc.model.mux": 0.9333253451113781,
        "mpc.model.muy": 1.1377236907145116,
        "mpc.cost.q_sdot": 0.4511942582200913
      }
    },
    {
      "rank": 5,
      "candidate_id": 117,
      "phase": "phase2_planner_qsdot_cma",
      "phase_trial": 52,
      "objective_cost": -24.855714121505716,
      "mean_cost": -26.3286317875,
      "std_cost": 1.4729176659942842,
      "robust_cost": -24.855714121505716,
      "crashes": 0,
      "critical_crash_multiplier": 1.0,
      "theta": {
        "mpc.cost.q_ey": 1.6386525541025185,
        "mpc.cost.Q_epsi": 24.908150527062144,
        "mpc.cost.R_dT": 16.655583047627395,
        "mpc.cost.R_u_ddelta_cmd": 6.576107857766092,
        "mpc.cost.R_Mtv": 5.058118568329254e-08,
        "mpc.cost.Q_beta": 0.8269191158267248,
        "mpc.bounds.max_vx": 15.75901588977643,
        "mpc.model.mux": 1.0771864697604308,
        "mpc.model.muy": 1.1677951943599352,
        "mpc.cost.q_sdot": 0.7782202822831339
      }
    },
    {
      "rank": 6,
      "candidate_id": 93,
      "phase": "phase2_planner_qsdot_cma",
      "phase_trial": 28,
      "objective_cost": -24.359394853410702,
      "mean_cost": -25.022446440875,
      "std_cost": 0.6630515874642999,
      "robust_cost": -24.359394853410702,
      "crashes": 0,
      "critical_crash_multiplier": 1.0,
      "theta": {
        "mpc.cost.q_ey": 1.6386525541025185,
        "mpc.cost.Q_epsi": 24.908150527062144,
        "mpc.cost.R_dT": 16.655583047627395,
        "mpc.cost.R_u_ddelta_cmd": 6.576107857766092,
        "mpc.cost.R_Mtv": 5.058118568329254e-08,
        "mpc.cost.Q_beta": 0.8269191158267248,
        "mpc.bounds.max_vx": 13.886173477928612,
        "mpc.model.mux": 0.7208818448463792,
        "mpc.model.muy": 1.319260855250663,
        "mpc.cost.q_sdot": 0.6487324793957653
      }
    },
    {
      "rank": 7,
      "candidate_id": 126,
      "phase": "phase2_planner_qsdot_cma",
      "phase_trial": 61,
      "objective_cost": -24.22804097000793,
      "mean_cost": -25.08381298375,
      "std_cost": 0.8557720137420691,
      "robust_cost": -24.22804097000793,
      "crashes": 0,
      "critical_crash_multiplier": 1.0,
      "theta": {
        "mpc.cost.q_ey": 1.6386525541025185,
        "mpc.cost.Q_epsi": 24.908150527062144,
        "mpc.cost.R_dT": 16.655583047627395,
        "mpc.cost.R_u_ddelta_cmd": 6.576107857766092,
        "mpc.cost.R_Mtv": 5.058118568329254e-08,
        "mpc.cost.Q_beta": 0.8269191158267248,
        "mpc.bounds.max_vx": 13.992988677564888,
        "mpc.model.mux": 1.19411482548922,
        "mpc.model.muy": 1.295920466533433,
        "mpc.cost.q_sdot": 0.4604313798145756
      }
    },
    {
      "rank": 8,
      "candidate_id": 189,
      "phase": "phase3_joint_cma",
      "phase_trial": 60,
      "objective_cost": -24.21038372606288,
      "mean_cost": -26.0328744625,
      "std_cost": 1.8224907364371215,
      "robust_cost": -24.21038372606288,
      "crashes": 0,
      "critical_crash_multiplier": 1.0,
      "theta": {
        "mpc.cost.q_ey": 1.9822937579922428,
        "mpc.cost.Q_epsi": 15.098440299301675,
        "mpc.cost.R_dT": 12.39622798633053,
        "mpc.cost.R_u_ddelta_cmd": 7.577479174549777,
        "mpc.cost.R_Mtv": 4.562855236857583e-08,
        "mpc.cost.Q_beta": 0.739590513896906,
        "mpc.bounds.max_vx": 17.19060781688819,
        "mpc.model.mux": 1.3762646520002098,
        "mpc.model.muy": 1.0343041916495663,
        "mpc.cost.q_sdot": 0.5940582409138493
      }
    },
    {
      "rank": 9,
      "candidate_id": 194,
      "phase": "phase3_joint_cma",
      "phase_trial": 65,
      "objective_cost": -24.172681300749872,
      "mean_cost": -25.20383415,
      "std_cost": 1.0311528492501272,
      "robust_cost": -24.172681300749872,
      "crashes": 0,
      "critical_crash_multiplier": 1.0,
      "theta": {
        "mpc.cost.q_ey": 1.6750943605469437,
        "mpc.cost.Q_epsi": 28.094657188676905,
        "mpc.cost.R_dT": 15.43331733727448,
        "mpc.cost.R_u_ddelta_cmd": 4.685112188445116,
        "mpc.cost.R_Mtv": 4.382951038793943e-08,
        "mpc.cost.Q_beta": 0.3932393990870782,
        "mpc.bounds.max_vx": 14.447972994156066,
        "mpc.model.mux": 1.093394519211133,
        "mpc.model.muy": 1.196827172456729,
        "mpc.cost.q_sdot": 0.43123500386036817
      }
    },
    {
      "rank": 10,
      "candidate_id": 151,
      "phase": "phase3_joint_cma",
      "phase_trial": 22,
      "objective_cost": -24.068726285953296,
      "mean_cost": -25.697617825,
      "std_cost": 1.6288915390467,
      "robust_cost": -24.068726285953296,
      "crashes": 0,
      "critical_crash_multiplier": 1.0,
      "theta": {
        "mpc.cost.q_ey": 3.522309799215977,
        "mpc.cost.Q_epsi": 100.0,