{
  "episodes_done": 896,
  "trials_done": 224,
  "top10": [
    {
      "rank": 1,
      "candidate_id": 54,
      "phase": "unstaged_joint_tpe_full_coupled",
      "phase_trial": 53,
      "objective_cost": -23.077298890040097,
      "mean_cost": -23.85247751875,
      "std_cost": 0.7751786287099027,
      "robust_cost": -23.077298890040097,
      "crashes": 0,
      "critical_crash_multiplier": 1.0,
      "theta": {
        "mpc.bounds.max_vx": 13.650102924064786,
        "mpc.model.mux": 0.7082728942372447,
        "mpc.model.muy": 1.3933437696709499,
        "mpc.cost.q_sdot": 0.1595842650083201,
        "mpc.cost.q_ey": 0.8338507492342648,
        "mpc.cost.Q_epsi": 0.26593364715522744,
        "mpc.cost.R_dT": 3.1915235770163037,
        "mpc.cost.R_u_ddelta_cmd": 9.991547266976001,
        "mpc.cost.Q_beta": 0.02317678063961286,
        "mpc.cost.R_Mtv": 1.0971100226393686e-07
      }
    },
    {
      "rank": 2,
      "candidate_id": 72,
      "phase": "unstaged_joint_tpe_full_coupled",
      "phase_trial": 71,
      "objective_cost": -22.812739648447263,
      "mean_cost": -23.402089099999998,
      "std_cost": 0.5893494515527343,
      "robust_cost": -22.812739648447263,
      "crashes": 0,
      "critical_crash_multiplier": 1.0,
      "theta": {
        "mpc.bounds.max_vx": 12.544905815291974,
        "mpc.model.mux": 0.9427958705129779,
        "mpc.model.muy": 1.2345386571966432,
        "mpc.cost.q_sdot": 0.14857170542693257,
        "mpc.cost.q_ey": 0.21990389516604633,
        "mpc.cost.Q_epsi": 0.3147532048807406,
        "mpc.cost.R_dT": 4.329049965347302,
        "mpc.cost.R_u_ddelta_cmd": 3.9517483281084185,
        "mpc.cost.Q_beta": 0.010000000000000004,
        "mpc.cost.R_Mtv": 1.0453474161140223e-06
      }
    },
    {
      "rank": 3,
      "candidate_id": 74,
      "phase": "unstaged_joint_tpe_full_coupled",
      "phase_trial": 73,
      "objective_cost": -22.567371307789813,
      "mean_cost": -23.87962458375,
      "std_cost": 1.3122532759601884,
      "robust_cost": -22.567371307789813,
      "crashes": 0,
      "critical_crash_multiplier": 1.0,
      "theta": {
        "mpc.bounds.max_vx": 14.455596507613874,
        "mpc.model.mux": 1.178405578040196,
        "mpc.model.muy": 1.230186540148916,
        "mpc.cost.q_sdot": 0.15025333833830146,
        "mpc.cost.q_ey": 0.2685243410188756,
        "mpc.cost.Q_epsi": 0.4003772664370236,
        "mpc.cost.R_dT": 8.86032672736965,
        "mpc.cost.R_u_ddelta_cmd": 8.776301191550024,
        "mpc.cost.Q_beta": 0.06685652576686307,
        "mpc.cost.R_Mtv": 3.185416102792994e-07
      }
    },
    {
      "rank": 4,
      "candidate_id": 207,
      "phase": "unstaged_joint_tpe_full_coupled",
      "phase_trial": 206,
      "objective_cost": -22.395883881314948,
      "mean_cost": -23.393897015000004,
      "std_cost": 0.998013133685055,
      "robust_cost": -22.395883881314948,
      "crashes": 0,
      "critical_crash_multiplier": 1.0,
      "theta": {
        "mpc.bounds.max_vx": 13.2200484842577,
        "mpc.model.mux": 1.103452537067994,
        "mpc.model.muy": 1.2931666867826834,
        "mpc.cost.q_sdot": 0.1381756703981144,
        "mpc.cost.q_ey": 0.4317271193503823,
        "mpc.cost.Q_epsi": 0.4019876354810013,
        "mpc.cost.R_dT": 8.755717835804457,
        "mpc.cost.R_u_ddelta_cmd": 12.10973900315737,
        "mpc.cost.Q_beta": 0.010480817695995981,
        "mpc.cost.R_Mtv": 5.833088248901842e-07
      }
    },
    {
      "rank": 5,
      "candidate_id": 65,
      "phase": "unstaged_joint_tpe_full_coupled",
      "phase_trial": 64,
      "objective_cost": -22.34693661839817,
      "mean_cost": -22.948488704375002,
      "std_cost": 0.6015520859768316,
      "robust_cost": -22.34693661839817,
      "crashes": 0,
      "critical_crash_multiplier": 1.0,
      "theta": {
        "mpc.bounds.max_vx": 12.473288872446034,
        "mpc.model.mux": 1.0661547031016865,
        "mpc.model.muy": 1.2848920981392804,
        "mpc.cost.q_sdot": 0.15902503354245504,
        "mpc.cost.q_ey": 0.40358729708176183,
        "mpc.cost.Q_epsi": 0.42481768385755886,
        "mpc.cost.R_dT": 8.326465018029156,
        "mpc.cost.R_u_ddelta_cmd": 6.117441983617523,
        "mpc.cost.Q_beta": 0.012192164906638991,
        "mpc.cost.R_Mtv": 5.82192761280988e-07
      }
    },
    {
      "rank": 6,
      "candidate_id": 165,
      "phase": "unstaged_joint_tpe_full_coupled",
      "phase_trial": 164,
      "objective_cost": -22.27426074200216,
      "mean_cost": -23.296082291250002,
      "std_cost": 1.0218215492478433,
      "robust_cost": -22.27426074200216,
      "crashes": 0,
      "critical_crash_multiplier": 1.0,
      "theta": {
        "mpc.bounds.max_vx": 13.107649115772363,
        "mpc.model.mux": 1.1424980820595563,
        "mpc.model.muy": 1.2802927919277205,
        "mpc.cost.q_sdot": 0.14578789856261118,
        "mpc.cost.q_ey": 0.455052930158977,
        "mpc.cost.Q_epsi": 0.3183075691016383,
        "mpc.cost.R_dT": 9.340512199383243,
        "mpc.cost.R_u_ddelta_cmd": 11.277298890368812,
        "mpc.cost.Q_beta": 0.010000000000000004,
        "mpc.cost.R_Mtv": 5.378398401714034e-07
      }
    },
    {
      "rank": 7,
      "candidate_id": 217,
      "phase": "unstaged_joint_tpe_full_coupled",
      "phase_trial": 216,
      "objective_cost": -22.271800099602114,
      "mean_cost": -23.3629054375,
      "std_cost": 1.0911053378978879,
      "robust_cost": -22.271800099602114,
      "crashes": 0,
      "critical_crash_multiplier": 1.0,
      "theta": {
        "mpc.bounds.max_vx": 13.341649958483607,
        "mpc.model.mux": 1.1356651345433728,
        "mpc.model.muy": 1.2856780810371462,
        "mpc.cost.q_sdot": 0.141612125122201,
        "mpc.cost.q_ey": 0.48866990241733754,
        "mpc.cost.Q_epsi": 0.4673566633198569,
        "mpc.cost.R_dT": 8.703228536031304,
        "mpc.cost.R_u_ddelta_cmd": 12.631018978017673,
        "mpc.cost.Q_beta": 0.010000000000000004,
        "mpc.cost.R_Mtv": 5.595522800196958e-07
      }
    },
    {
      "rank": 8,
      "candidate_id": 194,
      "phase": "unstaged_joint_tpe_full_coupled",
      "phase_trial": 193,
      "objective_cost": -22.0838370950989,
      "mean_cost": -23.10023621875,
      "std_cost": 1.0163991236510996,
      "robust_cost": -22.0838370950989,
      "crashes": 0,
      "critical_crash_multiplier": 1.0,
      "theta": {
        "mpc.bounds.max_vx": 13.173628134457237,
        "mpc.model.mux": 1.1135130258722041,
        "mpc.model.muy": 1.2822920510854796,
        "mpc.cost.q_sdot": 0.13893521156683786,
        "mpc.cost.q_ey": 0.42100106153572164,
        "mpc.cost.Q_epsi": 0.36562033240194325,
        "mpc.cost.R_dT": 8.223898509881773,
        "mpc.cost.R_u_ddelta_cmd": 12.166808185165262,
        "mpc.cost.Q_beta": 0.011805031062465441,
        "mpc.cost.R_Mtv": 4.724689767641513e-07
      }
    },
    {
      "rank": 9,
      "candidate_id": 170,
      "phase": "unstaged_joint_tpe_full_coupled",
      "phase_trial": 169,
      "objective_cost": -22.060087486373096,
      "mean_cost": -23.164238525,
      "std_cost": 1.1041510386269038,
      "robust_cost": -22.060087486373096,
      "crashes": 0,
      "critical_crash_multiplier": 1.0,
      "theta": {
        "mpc.bounds.max_vx": 13.184440321047076,
        "mpc.model.mux": 1.1106593558192677,
        "mpc.model.muy": 1.2973357807272887,
        "mpc.cost.q_sdot": 0.14397482603892778,
        "mpc.cost.q_ey": 0.4687061986308627,
        "mpc.cost.Q_epsi": 0.3369425743612802,
        "mpc.cost.R_dT": 8.786580582225438,
        "mpc.cost.R_u_ddelta_cmd": 13.894890686191246,
        "mpc.cost.Q_beta": 0.010000000000000004,
        "mpc.cost.R_Mtv": 6.181020202551012e-07
      }
    },
    {
      "rank": 10,
      "candidate_id": 213,
      "phase": "unstaged_joint_tpe_full_coupled",
      "phase_trial": 212,
      "objective_cost": -21.92819835486371,
      "mean_cost": -23.040542253749997,
      "std_cost": 1.1123438988862866,