{
  "episodes_done": 17,
  "trials_done": 17,
  "top10": [
    {
      "rank": 1,
      "candidate_id": 14,
      "phase": "phase2_planner_only_random",
      "phase_trial": 1,
      "objective_cost": 8.786773750000002,
      "mean_cost": 8.786773750000002,
      "std_cost": 0.0,
      "robust_cost": 8.786773750000002,
      "crashes": 0,
      "critical_crash_multiplier": 1.0,
      "theta": {
        "mpc.bounds.max_vx": 9.023659200385245,
        "mpc.model.mux": 0.5,
        "mpc.model.muy": 0.9771378674319436,
        "mpc.cost.q_ey": 1.0688314463350101,
        "mpc.cost.Q_epsi": 0.13325991309395194,
        "mpc.cost.R_dT": 0.7034498198427881,
        "mpc.cost.R_u_ddelta_cmd": 0.10642851451330237,
        "mpc.cost.Q_beta": 0.10192922162944613,
        "mpc.cost.R_Mtv": 1.0688352299530774e-07
      }
    },
    {
      "rank": 2,
      "candidate_id": 15,
      "phase": "phase2_planner_only_random",
      "phase_trial": 2,
      "objective_cost": 151.7956,
      "mean_cost": 151.7956,
      "std_cost": 0.0,
      "robust_cost": 151.7956,
      "crashes": 1,
      "critical_crash_multiplier": 1.0,
      "theta": {
        "mpc.bounds.max_vx": 15.105236597619824,
        "mpc.model.mux": 0.5,
        "mpc.model.muy": 0.5,
        "mpc.cost.q_ey": 1.0688314463350101,
        "mpc.cost.Q_epsi": 0.13325991309395194,
        "mpc.cost.R_dT": 0.7034498198427881,
        "mpc.cost.R_u_ddelta_cmd": 0.10642851451330237,
        "mpc.cost.Q_beta": 0.10192922162944613,
        "mpc.cost.R_Mtv": 1.0688352299530774e-07
      }
    },
    {
      "rank": 3,
      "candidate_id": 17,
      "phase": "phase2_planner_only_random",
      "phase_trial": 4,
      "objective_cost": 152.17065,
      "mean_cost": 152.17065,
      "std_cost": 0.0,
      "robust_cost": 152.17065,
      "crashes": 1,
      "critical_crash_multiplier": 1.0,
      "theta": {
        "mpc.bounds.max_vx": 8.48827037633082,
        "mpc.model.mux": 0.7410398779926769,
        "mpc.model.muy": 0.5799541044264308,
        "mpc.cost.q_ey": 1.0688314463350101,
        "mpc.cost.Q_epsi": 0.13325991309395194,
        "mpc.cost.R_dT": 0.7034498198427881,
        "mpc.cost.R_u_ddelta_cmd": 0.10642851451330237,
        "mpc.cost.Q_beta": 0.10192922162944613,
        "mpc.cost.R_Mtv": 1.0688352299530774e-07
      }
    },
    {
      "rank": 4,
      "candidate_id": 1,
      "phase": "phase1_cost_only_random",
      "phase_trial": 0,
      "objective_cost": 152.4536,
      "mean_cost": 152.4536,
      "std_cost": 0.0,
      "robust_cost": 152.4536,
      "crashes": 1,
      "critical_crash_multiplier": 1.2,
      "theta": {
        "mpc.bounds.max_vx": 10.5,
        "mpc.model.mux": 0.4,
        "mpc.model.muy": 0.4,
        "mpc.cost.q_ey": 1.0688314463350101,
        "mpc.cost.Q_epsi": 0.13325991309395194,
        "mpc.cost.R_dT": 0.7034498198427881,
        "mpc.cost.R_u_ddelta_cmd": 0.10642851451330237,
        "mpc.cost.Q_beta": 0.10192922162944613,
        "mpc.cost.R_Mtv": 1.0688352299530774e-07
      }
    },
    {
      "rank": 5,
      "candidate_id": 16,
      "phase": "phase2_planner_only_random",
      "phase_trial": 3,
      "objective_cost": 152.48715,
      "mean_cost": 152.48715,
      "std_cost": 0.0,
      "robust_cost": 152.48715,
      "crashes": 1,
      "critical_crash_multiplier": 1.0,
      "theta": {
        "mpc.bounds.max_vx": 12.472275337784595,
        "mpc.model.mux": 0.5,
        "mpc.model.muy": 0.5,
        "mpc.cost.q_ey": 1.0688314463350101,
        "mpc.cost.Q_epsi": 0.13325991309395194,
        "mpc.cost.R_dT": 0.7034498198427881,
        "mpc.cost.R_u_ddelta_cmd": 0.10642851451330237,
        "mpc.cost.Q_beta": 0.10192922162944613,
        "mpc.cost.R_Mtv": 1.0688352299530774e-07
      }
    },
    {
      "rank": 6,
      "candidate_id": 9,
      "phase": "phase1_cost_only_random",
      "phase_trial": 8,
      "objective_cost": 152.53835,
      "mean_cost": 152.53835,
      "std_cost": 0.0,
      "robust_cost": 152.53835,
      "crashes": 1,
      "critical_crash_multiplier": 1.2,
      "theta": {
        "mpc.bounds.max_vx": 10.5,
        "mpc.model.mux": 0.4,
        "mpc.model.muy": 0.4,
        "mpc.cost.q_ey": 1.0353560502706614,
        "mpc.cost.Q_epsi": 1.8147875923969117,
        "mpc.cost.R_dT": 5.551870970970434,
        "mpc.cost.R_u_ddelta_cmd": 0.1394342769068948,
        "mpc.cost.Q_beta": 0.2635720214235518,
        "mpc.cost.R_Mtv": 7.703891429658877e-08
      }
    },
    {
      "rank": 7,
      "candidate_id": 8,
      "phase": "phase1_cost_only_random",
      "phase_trial": 7,
      "objective_cost": 152.60795,
      "mean_cost": 152.60795,
      "std_cost": 0.0,
      "robust_cost": 152.60795,
      "crashes": 1,
      "critical_crash_multiplier": 1.2,
      "theta": {
        "mpc.bounds.max_vx": 10.5,
        "mpc.model.mux": 0.4,
        "mpc.model.muy": 0.4,
        "mpc.cost.q_ey": 0.29159615720674054,
        "mpc.cost.Q_epsi": 0.1,
        "mpc.cost.R_dT": 2.20520603377397,
        "mpc.cost.R_u_ddelta_cmd": 0.9547474936240532,
        "mpc.cost.Q_beta": 0.01,
        "mpc.cost.R_Mtv": 3.040857907865496e-08
      }
    },
    {
      "rank": 8,
      "candidate_id": 4,
      "phase": "phase1_cost_only_random",
      "phase_trial": 3,
      "objective_cost": 152.62525,
      "mean_cost": 152.62525,
      "std_cost": 0.0,
      "robust_cost": 152.62525,
      "crashes": 1,
      "critical_crash_multiplier": 1.2,
      "theta": {
        "mpc.bounds.max_vx": 10.5,
        "mpc.model.mux": 0.4,
        "mpc.model.muy": 0.4,
        "mpc.cost.q_ey": 0.38866053432505615,
        "mpc.cost.Q_epsi": 7.394947415091601,
        "mpc.cost.R_dT": 2.2298765787651966,
        "mpc.cost.R_u_ddelta_cmd": 5.141613729236445,
        "mpc.cost.Q_beta": 1.2399409790745388,
        "mpc.cost.R_Mtv": 2.931597599747678e-07
      }
    },
    {
      "rank": 9,
      "candidate_id": 2,
      "phase": "phase1_cost_only_random",
      "phase_trial": 1,
      "objective_cost": 152.63065,
      "mean_cost": 152.63065,
      "std_cost": 0.0,
      "robust_cost": 152.63065,
      "crashes": 1,
      "critical_crash_multiplier": 1.2,
      "theta": {
        "mpc.bounds.max_vx": 10.5,
        "mpc.model.mux": 0.4,
        "mpc.model.muy": 0.4,
        "mpc.cost.q_ey": 12.426473005566338,
        "mpc.cost.Q_epsi": 1.1325784677007387,
        "mpc.cost.R_dT": 0.1570504967909139,
        "mpc.cost.R_u_ddelta_cmd": 13.16673005091245,
        "mpc.cost.Q_beta": 2.8372181146451987,
        "mpc.cost.R_Mtv": 1.6801824818713692e-08
      }
    },
    {
      "rank": 10,
      "candidate_id": 7,
      "phase": "phase1_cost_only_random",
      "phase_trial": 6,
      "objective_cost": 152.66775,
      "mean_cost": 152.66775,
      "std_cost": 0.0,
      "robust_cost": 152.66775,
      "crashes": 1,
      "critical_crash_multiplier": 1.2,
      "theta": {
        "mpc.bounds.max_vx": 10.5,
        "mpc.model.mux": 0.4,
        "mpc.model.muy": 0.4,
        "mpc.cost.q_ey": 0.7162773501613505,
        "mpc.cost.Q_epsi": 0.8877638582283627,
        "mpc.cost.R_dT": 0.9115999477680903,
        "mpc.cost.R_u_ddelta_cmd": 2.1563294807984095,
        "mpc.cost.Q_beta": 0.0202553863533863,
        "mpc.cost.R_Mtv": 2.2922483249971568e-07
      }
    }
  ],
  "timestamp_unix": 1773583430.4835446
}