{
  "episodes_done": 896,
  "trials_done": 224,
  "top10": [
    {
      "rank": 1,
      "candidate_id": 218,
      "phase": "phase3_joint_random",
      "phase_trial": 89,
      "objective_cost": -25.55682665793397,
      "mean_cost": -26.469654587500003,
      "std_cost": 0.9128279295660308,
      "robust_cost": -25.55682665793397,
      "crashes": 0,
      "critical_crash_multiplier": 1.0,
      "theta": {
        "mpc.bounds.max_vx": 18.0,
        "mpc.model.mux": 1.7,
        "mpc.model.muy": 1.0528229112174403,
        "mpc.cost.q_sdot": 1.0,
        "mpc.cost.q_ey": 2.9798402999929485,
        "mpc.cost.Q_epsi": 35.70479119982544,
        "mpc.cost.R_dT": 30.10664844328917,
        "mpc.cost.R_u_ddelta_cmd": 21.210001448941988,
        "mpc.cost.R_Mtv": 2.580331944986851e-06,
        "mpc.cost.Q_beta": 0.6615387248271493
      }
    },
    {
      "rank": 2,
      "candidate_id": 111,
      "phase": "phase2_planner_qsdot_random",
      "phase_trial": 46,
      "objective_cost": -25.497611058132165,
      "mean_cost": -27.183772337500002,
      "std_cost": 1.6861612793678362,
      "robust_cost": -25.497611058132165,
      "crashes": 0,
      "critical_crash_multiplier": 1.0,
      "theta": {
        "mpc.cost.q_ey": 4.345503688385111,
        "mpc.cost.Q_epsi": 78.28515726374239,
        "mpc.cost.R_dT": 46.43820059790286,
        "mpc.cost.R_u_ddelta_cmd": 30.164991407074805,
        "mpc.cost.R_Mtv": 1e-05,
        "mpc.cost.Q_beta": 0.5068565649207069,
        "mpc.bounds.max_vx": 16.78850618894688,
        "mpc.model.mux": 1.7,
        "mpc.model.muy": 1.1601587475299233,
        "mpc.cost.q_sdot": 0.9208692401643346
      }
    },
    {
      "rank": 3,
      "candidate_id": 120,
      "phase": "phase2_planner_qsdot_random",
      "phase_trial": 55,
      "objective_cost": -25.458605735145678,
      "mean_cost": -27.085321793749998,
      "std_cost": 1.6267160586043188,
      "robust_cost": -25.458605735145678,
      "crashes": 0,
      "critical_crash_multiplier": 1.0,
      "theta": {
        "mpc.cost.q_ey": 4.345503688385111,
        "mpc.cost.Q_epsi": 78.28515726374239,
        "mpc.cost.R_dT": 46.43820059790286,
        "mpc.cost.R_u_ddelta_cmd": 30.164991407074805,
        "mpc.cost.R_Mtv": 1e-05,
        "mpc.cost.Q_beta": 0.5068565649207069,
        "mpc.bounds.max_vx": 16.869758957611445,
        "mpc.model.mux": 1.7,
        "mpc.model.muy": 1.1604970087134008,
        "mpc.cost.q_sdot": 0.9433151341062025
      }
    },
    {
      "rank": 4,
      "candidate_id": 123,
      "phase": "phase2_planner_qsdot_random",
      "phase_trial": 58,
      "objective_cost": -25.390786881402523,
      "mean_cost": -26.970207987500004,
      "std_cost": 1.5794211060974803,
      "robust_cost": -25.390786881402523,
      "crashes": 0,
      "critical_crash_multiplier": 1.0,
      "theta": {
        "mpc.cost.q_ey": 4.345503688385111,
        "mpc.cost.Q_epsi": 78.28515726374239,
        "mpc.cost.R_dT": 46.43820059790286,
        "mpc.cost.R_u_ddelta_cmd": 30.164991407074805,
        "mpc.cost.R_Mtv": 1e-05,
        "mpc.cost.Q_beta": 0.5068565649207069,
        "mpc.bounds.max_vx": 16.637280687602043,
        "mpc.model.mux": 1.6517238102926108,
        "mpc.model.muy": 1.1584596776125835,
        "mpc.cost.q_sdot": 1.0
      }
    },
    {
      "rank": 5,
      "candidate_id": 163,
      "phase": "phase3_joint_random",
      "phase_trial": 34,
      "objective_cost": -25.030578222668538,
      "mean_cost": -26.116928275,
      "std_cost": 1.0863500523314626,
      "robust_cost": -25.030578222668538,
      "crashes": 0,
      "critical_crash_multiplier": 1.0,
      "theta": {
        "mpc.bounds.max_vx": 15.266934234221175,
        "mpc.model.mux": 0.8518597207456677,
        "mpc.model.muy": 1.298667660967354,
        "mpc.cost.q_sdot": 0.6442743990357396,
        "mpc.cost.q_ey": 19.49949251576774,
        "mpc.cost.Q_epsi": 53.70657340272632,
        "mpc.cost.R_dT": 23.353789096791573,
        "mpc.cost.R_u_ddelta_cmd": 8.948094751336296,
        "mpc.cost.R_Mtv": 1e-05,
        "mpc.cost.Q_beta": 0.3958064653963704
      }
    },
    {
      "rank": 6,
      "candidate_id": 223,
      "phase": "phase3_joint_random",
      "phase_trial": 94,
      "objective_cost": -25.005557181366246,
      "mean_cost": -26.877740125,
      "std_cost": 1.872182943633753,
      "robust_cost": -25.005557181366246,
      "crashes": 0,
      "critical_crash_multiplier": 1.0,
      "theta": {
        "mpc.bounds.max_vx": 17.756503752045198,
        "mpc.model.mux": 1.7,
        "mpc.model.muy": 1.0443538209742385,
        "mpc.cost.q_sdot": 1.0,
        "mpc.cost.q_ey": 6.2310153796596195,
        "mpc.cost.Q_epsi": 38.0618692030463,
        "mpc.cost.R_dT": 33.543186847555816,
        "mpc.cost.R_u_ddelta_cmd": 11.7647950966991,
        "mpc.cost.R_Mtv": 7.15197842232316e-06,
        "mpc.cost.Q_beta": 0.7345822537733637
      }
    },
    {
      "rank": 7,
      "candidate_id": 84,
      "phase": "phase2_planner_qsdot_random",
      "phase_trial": 19,
      "objective_cost": -24.97477934978388,
      "mean_cost": -27.078404000000003,
      "std_cost": 2.1036246502161244,
      "robust_cost": -24.97477934978388,
      "crashes": 0,
      "critical_crash_multiplier": 1.0,
      "theta": {
        "mpc.cost.q_ey": 4.345503688385111,
        "mpc.cost.Q_epsi": 78.28515726374239,
        "mpc.cost.R_dT": 46.43820059790286,
        "mpc.cost.R_u_ddelta_cmd": 30.164991407074805,
        "mpc.cost.R_Mtv": 1e-05,
        "mpc.cost.Q_beta": 0.5068565649207069,
        "mpc.bounds.max_vx": 18.0,
        "mpc.model.mux": 1.187024273781725,
        "mpc.model.muy": 1.0866100878908107,
        "mpc.cost.q_sdot": 1.0
      }
    },
    {
      "rank": 8,
      "candidate_id": 92,
      "phase": "phase2_planner_qsdot_random",
      "phase_trial": 27,
      "objective_cost": -24.784464481098176,
      "mean_cost": -26.834414112500003,
      "std_cost": 2.049949631401826,
      "robust_cost": -24.784464481098176,
      "crashes": 0,
      "critical_crash_multiplier": 1.0,
      "theta": {
        "mpc.cost.q_ey": 4.345503688385111,
        "mpc.cost.Q_epsi": 78.28515726374239,
        "mpc.cost.R_dT": 46.43820059790286,
        "mpc.cost.R_u_ddelta_cmd": 30.164991407074805,
        "mpc.cost.R_Mtv": 1e-05,
        "mpc.cost.Q_beta": 0.5068565649207069,
        "mpc.bounds.max_vx": 17.534267624658682,
        "mpc.model.mux": 1.6191987208163603,
        "mpc.model.muy": 1.136805736981775,
        "mpc.cost.q_sdot": 0.7952142136044785
      }
    },
    {
      "rank": 9,
      "candidate_id": 141,
      "phase": "phase3_joint_random",
      "phase_trial": 12,
      "objective_cost": -24.784357349197297,
      "mean_cost": -26.2339611325,
      "std_cost": 1.4496037833027022,
      "robust_cost": -24.784357349197297,
      "crashes": 0,
      "critical_crash_multiplier": 1.0,
      "theta": {
        "mpc.bounds.max_vx": 15.938110275430956,
        "mpc.model.mux": 1.2377739526976046,
        "mpc.model.muy": 1.2655061066057132,
        "mpc.cost.q_sdot": 0.4662857995699339,
        "mpc.cost.q_ey": 12.27257464967382,
        "mpc.cost.Q_epsi": 48.226597320809006,
        "mpc.cost.R_dT": 29.287992938725797,
        "mpc.cost.R_u_ddelta_cmd": 16.451411556086644,
        "mpc.cost.R_Mtv": 1e-05,
        "mpc.cost.Q_beta": 0.5530906430027012
      }
    },
    {
      "rank": 10,
      "candidate_id": 149,
      "phase": "phase3_joint_random",
      "phase_trial": 20,
      "objective_cost": -24.77345649339449,
      "mean_cost": -26.774130525,
      "std_cost": 2.00067403160551,
      "robust_cost": -24.77345649339449,
      "crashes": 0,
      "critical_crash_multiplier": 1.0,
      "theta": {
        "mpc.bounds.max_vx": 18.0,
        "mpc.model.mux": 1.5693729126316678,
        "mpc.model.muy": 1.1219235242838963,
        "mpc.cost.q_sdot": 0.45849476757912583,
        "mpc.cost.q_ey": 2.68451951564781,
        "mpc.cost.Q_epsi": 84.99599417466614,