{
  "episodes_done": 12,
  "trials_done": 12,
  "top10": [
    {
      "rank": 1,
      "candidate_id": 11,
      "phase": "phase1_cost_only_gpbo",
      "phase_trial": 10,
      "objective_cost": 151.5742,
      "mean_cost": 151.5742,
      "std_cost": 0.0,
      "robust_cost": 151.5742,
      "crashes": 1,
      "critical_crash_multiplier": 1.2,
      "theta": {
        "mpc.bounds.max_vx": 10.5,
        "mpc.model.mux": 0.4,
        "mpc.model.muy": 0.4,
        "mpc.cost.q_ey": 0.10866659302883082,
        "mpc.cost.Q_epsi": 8.600055514959786,
        "mpc.cost.R_dT": 26.070199011399403,
        "mpc.cost.R_u_ddelta_cmd": 2.0899433961208556,
        "mpc.cost.Q_beta": 0.9997482561461578,
        "mpc.cost.R_Mtv": 8.896098310352692e-08
      }
    },
    {
      "rank": 2,
      "candidate_id": 12,
      "phase": "phase1_cost_only_gpbo",
      "phase_trial": 11,
      "objective_cost": 151.60785,
      "mean_cost": 151.60785,
      "std_cost": 0.0,
      "robust_cost": 151.60785,
      "crashes": 1,
      "critical_crash_multiplier": 1.2,
      "theta": {
        "mpc.bounds.max_vx": 10.5,
        "mpc.model.mux": 0.4,
        "mpc.model.muy": 0.4,
        "mpc.cost.q_ey": 0.119640617600644,
        "mpc.cost.Q_epsi": 4.806015262236181,
        "mpc.cost.R_dT": 6.172578718476031,
        "mpc.cost.R_u_ddelta_cmd": 2.5986308931883366,
        "mpc.cost.Q_beta": 0.6789826313426638,
        "mpc.cost.R_Mtv": 9.631273158813497e-08
      }
    },
    {
      "rank": 3,
      "candidate_id": 3,
      "phase": "phase1_cost_only_gpbo",
      "phase_trial": 2,
      "objective_cost": 151.6084,
      "mean_cost": 151.6084,
      "std_cost": 0.0,
      "robust_cost": 151.6084,
      "crashes": 1,
      "critical_crash_multiplier": 1.2,
      "theta": {
        "mpc.bounds.max_vx": 10.5,
        "mpc.model.mux": 0.4,
        "mpc.model.muy": 0.4,
        "mpc.cost.q_ey": 0.10754739194264509,
        "mpc.cost.Q_epsi": 27.68710379630031,
        "mpc.cost.R_dT": 26.978978502243933,
        "mpc.cost.R_u_ddelta_cmd": 2.0576338290319978,
        "mpc.cost.Q_beta": 0.20931461365201853,
        "mpc.cost.R_Mtv": 4.953487452866744e-06
      }
    },
    {
      "rank": 4,
      "candidate_id": 4,
      "phase": "phase1_cost_only_gpbo",
      "phase_trial": 3,
      "objective_cost": 152.0642,
      "mean_cost": 152.0642,
      "std_cost": 0.0,
      "robust_cost": 152.0642,
      "crashes": 1,
      "critical_crash_multiplier": 1.2,
      "theta": {
        "mpc.bounds.max_vx": 10.5,
        "mpc.model.mux": 0.4,
        "mpc.model.muy": 0.4,
        "mpc.cost.q_ey": 0.38866053432505615,
        "mpc.cost.Q_epsi": 7.394947415091601,
        "mpc.cost.R_dT": 2.2298765787651966,
        "mpc.cost.R_u_ddelta_cmd": 5.141613729236445,
        "mpc.cost.Q_beta": 1.2399409790745388,
        "mpc.cost.R_Mtv": 2.931597599747678e-07
      }
    },
    {
      "rank": 5,
      "candidate_id": 2,
      "phase": "phase1_cost_only_gpbo",
      "phase_trial": 1,
      "objective_cost": 152.425,
      "mean_cost": 152.425,
      "std_cost": 0.0,
      "robust_cost": 152.425,
      "crashes": 1,
      "critical_crash_multiplier": 1.2,
      "theta": {
        "mpc.bounds.max_vx": 10.5,
        "mpc.model.mux": 0.4,
        "mpc.model.muy": 0.4,
        "mpc.cost.q_ey": 12.426473005566338,
        "mpc.cost.Q_epsi": 1.1325784677007387,
        "mpc.cost.R_dT": 0.1570504967909139,
        "mpc.cost.R_u_ddelta_cmd": 13.16673005091245,
        "mpc.cost.Q_beta": 2.8372181146451987,
        "mpc.cost.R_Mtv": 1.6801824818713692e-08
      }
    },
    {
      "rank": 6,
      "candidate_id": 8,
      "phase": "phase1_cost_only_gpbo",
      "phase_trial": 7,
      "objective_cost": 152.5308,
      "mean_cost": 152.5308,
      "std_cost": 0.0,
      "robust_cost": 152.5308,
      "crashes": 1,
      "critical_crash_multiplier": 1.2,
      "theta": {
        "mpc.bounds.max_vx": 10.5,
        "mpc.model.mux": 0.4,
        "mpc.model.muy": 0.4,
        "mpc.cost.q_ey": 21.965704939162677,
        "mpc.cost.Q_epsi": 28.125908767800713,
        "mpc.cost.R_dT": 29.911716945011364,
        "mpc.cost.R_u_ddelta_cmd": 19.73370599640253,
        "mpc.cost.Q_beta": 0.22281630745109998,
        "mpc.cost.R_Mtv": 2.8689881725950166e-08
      }
    },
    {
      "rank": 7,
      "candidate_id": 6,
      "phase": "phase1_cost_only_gpbo",
      "phase_trial": 5,
      "objective_cost": 152.56825,
      "mean_cost": 152.56825,
      "std_cost": 0.0,
      "robust_cost": 152.56825,
      "crashes": 1,
      "critical_crash_multiplier": 1.2,
      "theta": {
        "mpc.bounds.max_vx": 10.5,
        "mpc.model.mux": 0.4,
        "mpc.model.muy": 0.4,
        "mpc.cost.q_ey": 0.4918478671666662,
        "mpc.cost.Q_epsi": 29.979035626434005,
        "mpc.cost.R_dT": 0.1939062867913678,
        "mpc.cost.R_u_ddelta_cmd": 18.918927759128774,
        "mpc.cost.Q_beta": 2.5430594930850567,
        "mpc.cost.R_Mtv": 6.303047612375961e-08
      }
    },
    {
      "rank": 8,
      "candidate_id": 7,
      "phase": "phase1_cost_only_gpbo",
      "phase_trial": 6,
      "objective_cost": 152.5917,
      "mean_cost": 152.5917,
      "std_cost": 0.0,
      "robust_cost": 152.5917,
      "crashes": 1,
      "critical_crash_multiplier": 1.2,
      "theta": {
        "mpc.bounds.max_vx": 10.5,
        "mpc.model.mux": 0.4,
        "mpc.model.muy": 0.4,
        "mpc.cost.q_ey": 0.22177212518589356,
        "mpc.cost.Q_epsi": 0.13066549976535868,
        "mpc.cost.R_dT": 1.2157302927547757,
        "mpc.cost.R_u_ddelta_cmd": 3.4762340923717314,
        "mpc.cost.Q_beta": 0.013739925107068444,
        "mpc.cost.R_Mtv": 2.075438231058061e-08
      }
    },
    {
      "rank": 9,
      "candidate_id": 9,
      "phase": "phase1_cost_only_gpbo",
      "phase_trial": 8,
      "objective_cost": 152.6214,
      "mean_cost": 152.6214,
      "std_cost": 0.0,
      "robust_cost": 152.6214,
      "crashes": 1,
      "critical_crash_multiplier": 1.2,
      "theta": {
        "mpc.bounds.max_vx": 10.5,
        "mpc.model.mux": 0.4,
        "mpc.model.muy": 0.4,
        "mpc.cost.q_ey": 0.2527209862849337,
        "mpc.cost.Q_epsi": 29.751884138487274,
        "mpc.cost.R_dT": 3.10797270964431,
        "mpc.cost.R_u_ddelta_cmd": 0.7643444034745985,
        "mpc.cost.Q_beta": 0.020051421882209652,
        "mpc.cost.R_Mtv": 6.487727551110922e-07
      }
    },
    {
      "rank": 10,
      "candidate_id": 10,
      "phase": "phase1_cost_only_gpbo",
      "phase_trial": 9,
      "objective_cost": 152.67405,
      "mean_cost": 152.67405,
      "std_cost": 0.0,
      "robust_cost": 152.67405,
      "crashes": 1,
      "critical_crash_multiplier": 1.2,
      "theta": {
        "mpc.bounds.max_vx": 10.5,
        "mpc.model.mux": 0.4,
        "mpc.model.muy": 0.4,
        "mpc.cost.q_ey": 2.2782721755394224,
        "mpc.cost.Q_epsi": 29.481475148124424,
        "mpc.cost.R_dT": 7.894082785861246,
        "mpc.cost.R_u_ddelta_cmd": 3.0049869940732368,
        "mpc.cost.Q_beta": 0.47910452051300095,
        "mpc.cost.R_Mtv": 1.195450987605765e-06
      }
    }
  ],
  "timestamp_unix": 1773583390.8930726
}