{
  "episodes_done": 896,
  "trials_done": 224,
  "top10": [
    {
      "rank": 1,
      "candidate_id": 216,
      "phase": "phase3_joint_tpe",
      "phase_trial": 87,
      "objective_cost": -26.527789104829587,
      "mean_cost": -27.595222834999998,
      "std_cost": 1.0674337301704109,
      "robust_cost": -26.527789104829587,
      "crashes": 0,
      "critical_crash_multiplier": 1.0,
      "theta": {
        "mpc.cost.q_ey": 2.1318141556470094,
        "mpc.cost.Q_epsi": 8.37783882931099,
        "mpc.cost.R_dT": 2.2854052344787483,
        "mpc.cost.R_u_ddelta_cmd": 8.980736678261753,
        "mpc.cost.R_Mtv": 5.3068387682526544e-06,
        "mpc.cost.Q_beta": 1.2877296398730131,
        "mpc.bounds.max_vx": 15.681277905395344,
        "mpc.model.mux": 1.1451486782724551,
        "mpc.model.muy": 1.2357278270052943,
        "mpc.cost.q_sdot": 0.48955337997122556
      }
    },
    {
      "rank": 2,
      "candidate_id": 166,
      "phase": "phase3_joint_tpe",
      "phase_trial": 37,
      "objective_cost": -26.07363333316399,
      "mean_cost": -26.910323768125,
      "std_cost": 0.8366904349610108,
      "robust_cost": -26.07363333316399,
      "crashes": 0,
      "critical_crash_multiplier": 1.0,
      "theta": {
        "mpc.cost.q_ey": 1.9043244696127455,
        "mpc.cost.Q_epsi": 9.277364653298365,
        "mpc.cost.R_dT": 2.199954244332219,
        "mpc.cost.R_u_ddelta_cmd": 8.557532693815947,
        "mpc.cost.R_Mtv": 4.5617177705745075e-06,
        "mpc.cost.Q_beta": 1.4278069915564384,
        "mpc.bounds.max_vx": 14.893094724745447,
        "mpc.model.mux": 1.0194819639594017,
        "mpc.model.muy": 1.2919510489505266,
        "mpc.cost.q_sdot": 0.4459625744426447
      }
    },
    {
      "rank": 3,
      "candidate_id": 205,
      "phase": "phase3_joint_tpe",
      "phase_trial": 76,
      "objective_cost": -25.971052329485772,
      "mean_cost": -26.9730657875,
      "std_cost": 1.0020134580142301,
      "robust_cost": -25.971052329485772,
      "crashes": 0,
      "critical_crash_multiplier": 1.0,
      "theta": {
        "mpc.cost.q_ey": 2.3953571941200416,
        "mpc.cost.Q_epsi": 9.73056579775399,
        "mpc.cost.R_dT": 2.1407516932340407,
        "mpc.cost.R_u_ddelta_cmd": 7.839560296614476,
        "mpc.cost.R_Mtv": 4.57676891672173e-06,
        "mpc.cost.Q_beta": 1.298960026494614,
        "mpc.bounds.max_vx": 15.162191936340195,
        "mpc.model.mux": 1.188061122864882,
        "mpc.model.muy": 1.2133433888092744,
        "mpc.cost.q_sdot": 0.5039346229190157
      }
    },
    {
      "rank": 4,
      "candidate_id": 224,
      "phase": "phase3_joint_tpe",
      "phase_trial": 95,
      "objective_cost": -25.960930199133642,
      "mean_cost": -26.728967949999998,
      "std_cost": 0.7680377508663544,
      "robust_cost": -25.960930199133642,
      "crashes": 0,
      "critical_crash_multiplier": 1.0,
      "theta": {
        "mpc.cost.q_ey": 2.3863080677965662,
        "mpc.cost.Q_epsi": 8.429113779370436,
        "mpc.cost.R_dT": 2.0882844798702833,
        "mpc.cost.R_u_ddelta_cmd": 8.383365436207928,
        "mpc.cost.R_Mtv": 5.348997250360559e-06,
        "mpc.cost.Q_beta": 1.3258039558429842,
        "mpc.bounds.max_vx": 15.302026351093817,
        "mpc.model.mux": 1.1488804599252627,
        "mpc.model.muy": 1.207947313560195,
        "mpc.cost.q_sdot": 0.4473261511969261
      }
    },
    {
      "rank": 5,
      "candidate_id": 179,
      "phase": "phase3_joint_tpe",
      "phase_trial": 50,
      "objective_cost": -25.946898468728513,
      "mean_cost": -27.0766042387875,
      "std_cost": 1.129705770058988,
      "robust_cost": -25.946898468728513,
      "crashes": 0,
      "critical_crash_multiplier": 1.0,
      "theta": {
        "mpc.cost.q_ey": 2.075631216308519,
        "mpc.cost.Q_epsi": 8.787977960081466,
        "mpc.cost.R_dT": 1.8552971621572507,
        "mpc.cost.R_u_ddelta_cmd": 8.92630761304749,
        "mpc.cost.R_Mtv": 5.359073165144843e-06,
        "mpc.cost.Q_beta": 1.2912210967496696,
        "mpc.bounds.max_vx": 15.32281594019812,
        "mpc.model.mux": 1.1202653294262455,
        "mpc.model.muy": 1.2231062739843126,
        "mpc.cost.q_sdot": 0.5012071091181756
      }
    },
    {
      "rank": 6,
      "candidate_id": 211,
      "phase": "phase3_joint_tpe",
      "phase_trial": 82,
      "objective_cost": -25.930790340498195,
      "mean_cost": -26.953194625,
      "std_cost": 1.0224042845018018,
      "robust_cost": -25.930790340498195,
      "crashes": 0,
      "critical_crash_multiplier": 1.0,
      "theta": {
        "mpc.cost.q_ey": 2.232761381161897,
        "mpc.cost.Q_epsi": 10.498842925940794,
        "mpc.cost.R_dT": 2.197368169956025,
        "mpc.cost.R_u_ddelta_cmd": 9.05645611740643,
        "mpc.cost.R_Mtv": 5.475251778217469e-06,
        "mpc.cost.Q_beta": 1.1887957066118628,
        "mpc.bounds.max_vx": 15.309595802889007,
        "mpc.model.mux": 1.1329453977237205,
        "mpc.model.muy": 1.2049134117410458,
        "mpc.cost.q_sdot": 0.5056797037055517
      }
    },
    {
      "rank": 7,
      "candidate_id": 191,
      "phase": "phase3_joint_tpe",
      "phase_trial": 62,
      "objective_cost": -25.926300465097928,
      "mean_cost": -26.9636338875,
      "std_cost": 1.0373334224020716,
      "robust_cost": -25.926300465097928,
      "crashes": 0,
      "critical_crash_multiplier": 1.0,
      "theta": {
        "mpc.cost.q_ey": 2.2677280102185144,
        "mpc.cost.Q_epsi": 8.821767085372656,
        "mpc.cost.R_dT": 2.2642386422225265,
        "mpc.cost.R_u_ddelta_cmd": 10.112494402807647,
        "mpc.cost.R_Mtv": 5.100088069937408e-06,
        "mpc.cost.Q_beta": 1.2930615684803222,
        "mpc.bounds.max_vx": 15.424112899728792,
        "mpc.model.mux": 1.1759061999072231,
        "mpc.model.muy": 1.1761084198090166,
        "mpc.cost.q_sdot": 0.4794995837134187
      }
    },
    {
      "rank": 8,
      "candidate_id": 199,
      "phase": "phase3_joint_tpe",
      "phase_trial": 70,
      "objective_cost": -25.89994866410677,
      "mean_cost": -27.0113501875,
      "std_cost": 1.111401523393231,
      "robust_cost": -25.89994866410677,
      "crashes": 0,
      "critical_crash_multiplier": 1.0,
      "theta": {
        "mpc.cost.q_ey": 2.2307873688036555,
        "mpc.cost.Q_epsi": 7.66299752747195,
        "mpc.cost.R_dT": 2.1658456062201368,
        "mpc.cost.R_u_ddelta_cmd": 8.962356146137587,
        "mpc.cost.R_Mtv": 5.322479504618736e-06,
        "mpc.cost.Q_beta": 1.2405290868080856,
        "mpc.bounds.max_vx": 15.427039003434187,
        "mpc.model.mux": 1.1505299232931316,
        "mpc.model.muy": 1.2057569319441452,
        "mpc.cost.q_sdot": 0.4946071274947808
      }
    },
    {
      "rank": 9,
      "candidate_id": 202,
      "phase": "phase3_joint_tpe",
      "phase_trial": 73,
      "objective_cost": -25.895674228785897,
      "mean_cost": -26.861342493749998,
      "std_cost": 0.9656682649641022,
      "robust_cost": -25.895674228785897,
      "crashes": 0,
      "critical_crash_multiplier": 1.0,
      "theta": {
        "mpc.cost.q_ey": 2.141039209095937,
        "mpc.cost.Q_epsi": 8.19359978351809,
        "mpc.cost.R_dT": 2.148801859546191,
        "mpc.cost.R_u_ddelta_cmd": 8.818491116066824,
        "mpc.cost.R_Mtv": 5.626837980202724e-06,
        "mpc.cost.Q_beta": 1.4021515215253249,
        "mpc.bounds.max_vx": 15.19966776693692,
        "mpc.model.mux": 1.1268832703735507,
        "mpc.model.muy": 1.2229995965846505,
        "mpc.cost.q_sdot": 0.5064867980423389
      }
    },
    {
      "rank": 10,
      "candidate_id": 169,
      "phase": "phase3_joint_tpe",
      "phase_trial": 40,
      "objective_cost": -25.845801822429753,
      "mean_cost": -26.949194050000003,
      "std_cost": 1.1033922275702492,
      "robust_cost": -25.845801822429753,
      "crashes": 0,
      "critical_crash_multiplier": 1.0,
      "theta": {
        "mpc.cost.q_ey": 2.2066845020912647,
        "mpc.cost.Q_epsi": 8.89224202088859,