{
  "profile_name": "night_4track",
  "episodes_done": 896,
  "trials_done": 224,
  "top10": [
    {
      "rank": 1,
      "candidate_id": 195,
      "phase": "unstaged_joint_cma",
      "phase_trial": 194,
      "objective_cost": -26.719483845034382,
      "mean_cost": -27.873520999999997,
      "std_cost": 1.1540371549656137,
      "robust_cost": -26.719483845034382,
      "crashes": 0,
      "critical_crash_multiplier": 1.0,
      "theta": {
        "mpc.cost.q_ey": 1.0,
        "mpc.cost.Q_epsi": 2.4879394938383665,
        "mpc.cost.R_dT": 3.1694899337932196,
        "mpc.cost.R_u_ddelta_cmd": 14.190801402760513,
        "mpc.cost.R_Mtv": 9.999999999999997e-06,
        "mpc.cost.Q_beta": 8.42589533337801,
        "mpc.bounds.max_vx": 15.620416086618786,
        "mpc.model.mux": 1.4024499980207503,
        "mpc.model.muy": 1.3240051218420015,
        "mpc.cost.q_sdot": 0.7213789654278723
      }
    },
    {
      "rank": 2,
      "candidate_id": 204,
      "phase": "unstaged_joint_cma",
      "phase_trial": 203,
      "objective_cost": -26.592558194679572,
      "mean_cost": -27.368793475,
      "std_cost": 0.7762352803204279,
      "robust_cost": -26.592558194679572,
      "crashes": 0,
      "critical_crash_multiplier": 1.0,
      "theta": {
        "mpc.cost.q_ey": 1.569161556414232,
        "mpc.cost.Q_epsi": 4.063902453803158,
        "mpc.cost.R_dT": 7.998359377307586,
        "mpc.cost.R_u_ddelta_cmd": 21.807027678485902,
        "mpc.cost.R_Mtv": 9.999999999999997e-06,
        "mpc.cost.Q_beta": 2.876802396964746,
        "mpc.bounds.max_vx": 15.442278057914129,
        "mpc.model.mux": 1.4298060286955439,
        "mpc.model.muy": 1.2737247740716138,
        "mpc.cost.q_sdot": 0.5300198278497633
      }
    },
    {
      "rank": 3,
      "candidate_id": 86,
      "phase": "unstaged_joint_cma",
      "phase_trial": 85,
      "objective_cost": -26.56767799453954,
      "mean_cost": -27.26916665375,
      "std_cost": 0.7014886592104582,
      "robust_cost": -26.56767799453954,
      "crashes": 0,
      "critical_crash_multiplier": 1.0,
      "theta": {
        "mpc.cost.q_ey": 1.8731365609363346,
        "mpc.cost.Q_epsi": 58.87398423870528,
        "mpc.cost.R_dT": 28.17013125566571,
        "mpc.cost.R_u_ddelta_cmd": 3.591795817893766,
        "mpc.cost.R_Mtv": 9.152551588718986e-07,
        "mpc.cost.Q_beta": 0.10000000000000002,
        "mpc.bounds.max_vx": 16.60703023037093,
        "mpc.model.mux": 1.2905543926598215,
        "mpc.model.muy": 1.2130653655865975,
        "mpc.cost.q_sdot": 0.8695698220195301
      }
    },
    {
      "rank": 4,
      "candidate_id": 160,
      "phase": "unstaged_joint_cma",
      "phase_trial": 159,
      "objective_cost": -26.50497598106505,
      "mean_cost": -27.24385475625,
      "std_cost": 0.7388787751849459,
      "robust_cost": -26.50497598106505,
      "crashes": 0,
      "critical_crash_multiplier": 1.0,
      "theta": {
        "mpc.cost.q_ey": 1.0,
        "mpc.cost.Q_epsi": 28.862599879729203,
        "mpc.cost.R_dT": 9.401106936893013,
        "mpc.cost.R_u_ddelta_cmd": 4.949636764974269,
        "mpc.cost.R_Mtv": 5.4283383659884395e-06,
        "mpc.cost.Q_beta": 1.3964752094339594,
        "mpc.bounds.max_vx": 14.98916466343584,
        "mpc.model.mux": 1.1328063116981237,
        "mpc.model.muy": 1.3551037030377655,
        "mpc.cost.q_sdot": 0.5456835243903344
      }
    },
    {
      "rank": 5,
      "candidate_id": 185,
      "phase": "unstaged_joint_cma",
      "phase_trial": 184,
      "objective_cost": -26.267099328256222,
      "mean_cost": -27.5926968375,
      "std_cost": 1.3255975092437762,
      "robust_cost": -26.267099328256222,
      "crashes": 0,
      "critical_crash_multiplier": 1.0,
      "theta": {
        "mpc.cost.q_ey": 1.0,
        "mpc.cost.Q_epsi": 1.6451393814369946,
        "mpc.cost.R_dT": 4.2134865136482915,
        "mpc.cost.R_u_ddelta_cmd": 8.220411360869305,
        "mpc.cost.R_Mtv": 9.999999999999997e-06,
        "mpc.cost.Q_beta": 3.461978400380664,
        "mpc.bounds.max_vx": 16.15049906033124,
        "mpc.model.mux": 1.4710249519667191,
        "mpc.model.muy": 1.16951773979086,
        "mpc.cost.q_sdot": 0.4674677877096739
      }
    },
    {
      "rank": 6,
      "candidate_id": 157,
      "phase": "unstaged_joint_cma",
      "phase_trial": 156,
      "objective_cost": -26.070308438335875,
      "mean_cost": -26.9228833125,
      "std_cost": 0.8525748741641281,
      "robust_cost": -26.070308438335875,
      "crashes": 0,
      "critical_crash_multiplier": 1.0,
      "theta": {
        "mpc.cost.q_ey": 1.0,
        "mpc.cost.Q_epsi": 4.929668300648134,
        "mpc.cost.R_dT": 7.77482778422868,
        "mpc.cost.R_u_ddelta_cmd": 8.091407894961238,
        "mpc.cost.R_Mtv": 9.999999999999997e-06,
        "mpc.cost.Q_beta": 0.766394069447893,
        "mpc.bounds.max_vx": 14.808514267919117,
        "mpc.model.mux": 1.2501699581203451,
        "mpc.model.muy": 1.2684667541451071,
        "mpc.cost.q_sdot": 0.6570089286922535
      }
    },
    {
      "rank": 7,
      "candidate_id": 156,
      "phase": "unstaged_joint_cma",
      "phase_trial": 155,
      "objective_cost": -26.017074905235297,
      "mean_cost": -27.04445320625,
      "std_cost": 1.0273783010147028,
      "robust_cost": -26.017074905235297,
      "crashes": 0,
      "critical_crash_multiplier": 1.0,
      "theta": {
        "mpc.cost.q_ey": 1.0,
        "mpc.cost.Q_epsi": 27.184173873573414,
        "mpc.cost.R_dT": 6.812078212148112,
        "mpc.cost.R_u_ddelta_cmd": 7.6647927455204705,
        "mpc.cost.R_Mtv": 9.999999999999997e-06,
        "mpc.cost.Q_beta": 0.8967387093661447,
        "mpc.bounds.max_vx": 14.910224542933184,
        "mpc.model.mux": 0.9804741175518392,
        "mpc.model.muy": 1.348401444614433,
        "mpc.cost.q_sdot": 0.6928214349481462
      }
    },
    {
      "rank": 8,
      "candidate_id": 118,
      "phase": "unstaged_joint_cma",
      "phase_trial": 117,
      "objective_cost": -25.999012265783158,
      "mean_cost": -26.902580999999998,
      "std_cost": 0.9035687342168389,
      "robust_cost": -25.999012265783158,
      "crashes": 0,
      "critical_crash_multiplier": 1.0,
      "theta": {
        "mpc.cost.q_ey": 1.0,
        "mpc.cost.Q_epsi": 11.334295447071497,
        "mpc.cost.R_dT": 9.016963554821327,
        "mpc.cost.R_u_ddelta_cmd": 5.885910616760026,
        "mpc.cost.R_Mtv": 5.497680573947176e-06,
        "mpc.cost.Q_beta": 0.20152435995730306,
        "mpc.bounds.max_vx": 14.732936162392042,
        "mpc.model.mux": 1.243124362799542,
        "mpc.model.muy": 1.309027232046911,
        "mpc.cost.q_sdot": 0.7337682260285139
      }
    },
    {
      "rank": 9,
      "candidate_id": 128,
      "phase": "unstaged_joint_cma",
      "phase_trial": 127,
      "objective_cost": -25.903114082361935,
      "mean_cost": -26.6092580625,
      "std_cost": 0.7061439801380673,
      "robust_cost": -25.903114082361935,
      "crashes": 0,
      "critical_crash_multiplier": 1.0,
      "theta": {
        "mpc.cost.q_ey": 1.0,
        "mpc.cost.Q_epsi": 8.384555332209844,
        "mpc.cost.R_dT": 5.198971137215011,
        "mpc.cost.R_u_ddelta_cmd": 8.129213592191741,
        "mpc.cost.R_Mtv": 6.313693050576557e-06,
        "mpc.cost.Q_beta": 0.15916928972351696,
        "mpc.bounds.max_vx": 14.651038724641445,
        "mpc.model.mux": 1.6212900050395245,
        "mpc.model.muy": 1.2445619060198392,
        "mpc.cost.q_sdot": 0.8058401137646142
      }
    },
    {
      "rank": 10,
      "candidate_id": 198,
      "phase": "unstaged_joint_cma",
      "phase_trial": 197,
      "objective_cost": -25.740933586142305,
      "mean_cost": -26.254219300000003,
      "std_cost": 0.5132857138576983,
      "robust_cost": -25.740933586142305,
      "crashes": 0,
      "critical_crash_multiplier": 1.0,
      "theta": {
        "mpc.cost.q_ey": 2.128719109158632,
        "mpc.cost.Q_epsi": 1.9209145933426663,