{
  "episodes_done": 896,
  "trials_done": 224,
  "top10": [
    {
      "rank": 1,
      "candidate_id": 93,
      "phase": "phase2_planner_only_gpbo",
      "phase_trial": 28,
      "objective_cost": -26.341725751128553,
      "mean_cost": -27.504854849999997,
      "std_cost": 1.1631290988714436,
      "robust_cost": -26.341725751128553,
      "crashes": 0,
      "critical_crash_multiplier": 1.0,
      "theta": {
        "mpc.bounds.max_vx": 15.861664369406547,
        "mpc.model.mux": 1.0306713150094429,
        "mpc.model.muy": 1.2613160879367964,
        "mpc.cost.q_sdot": 0.8785208018175727,
        "mpc.cost.q_ey": 1.9706130369882908,
        "mpc.cost.Q_epsi": 1.5774883984397539,
        "mpc.cost.R_dT": 4.567423336727594,
        "mpc.cost.R_u_ddelta_cmd": 29.421363306517524,
        "mpc.cost.R_Mtv": 2.187921758545489e-06,
        "mpc.cost.Q_beta": 0.12995837614950279
      }
    },
    {
      "rank": 2,
      "candidate_id": 129,
      "phase": "phase3_joint_gpbo",
      "phase_trial": 0,
      "objective_cost": -26.25023814648335,
      "mean_cost": -27.50343575,
      "std_cost": 1.2531976035166497,
      "robust_cost": -26.25023814648335,
      "crashes": 0,
      "critical_crash_multiplier": 1.0,
      "theta": {
        "mpc.bounds.max_vx": 15.861664369406547,
        "mpc.model.mux": 1.0306713150094429,
        "mpc.model.muy": 1.2613160879367964,
        "mpc.cost.q_sdot": 0.8785208018175727,
        "mpc.cost.q_ey": 1.9706130369882908,
        "mpc.cost.Q_epsi": 1.5774883984397539,
        "mpc.cost.R_dT": 4.567423336727594,
        "mpc.cost.R_u_ddelta_cmd": 29.421363306517524,
        "mpc.cost.R_Mtv": 2.187921758545489e-06,
        "mpc.cost.Q_beta": 0.12995837614950279
      }
    },
    {
      "rank": 3,
      "candidate_id": 132,
      "phase": "phase3_joint_gpbo",
      "phase_trial": 3,
      "objective_cost": -26.18355975969953,
      "mean_cost": -27.7309620625,
      "std_cost": 1.5474023028004722,
      "robust_cost": -26.18355975969953,
      "crashes": 0,
      "critical_crash_multiplier": 1.0,
      "theta": {
        "mpc.bounds.max_vx": 16.698758457569916,
        "mpc.model.mux": 1.6952371380419073,
        "mpc.model.muy": 1.1528158609243266,
        "mpc.cost.q_sdot": 0.6885718569488118,
        "mpc.cost.q_ey": 1.9706130369882908,
        "mpc.cost.Q_epsi": 1.5774883984397539,
        "mpc.cost.R_dT": 4.567423336727594,
        "mpc.cost.R_u_ddelta_cmd": 29.421363306517524,
        "mpc.cost.R_Mtv": 2.187921758545489e-06,
        "mpc.cost.Q_beta": 0.12995837614950279
      }
    },
    {
      "rank": 4,
      "candidate_id": 145,
      "phase": "phase3_joint_gpbo",
      "phase_trial": 16,
      "objective_cost": -26.169224489193674,
      "mean_cost": -26.739703706249998,
      "std_cost": 0.570479217056325,
      "robust_cost": -26.169224489193674,
      "crashes": 0,
      "critical_crash_multiplier": 1.0,
      "theta": {
        "mpc.bounds.max_vx": 14.929752222922737,
        "mpc.model.mux": 1.5441453702794408,
        "mpc.model.muy": 1.2729328712421708,
        "mpc.cost.q_sdot": 0.9908077433290902,
        "mpc.cost.q_ey": 2.1478936396515365,
        "mpc.cost.Q_epsi": 1.0,
        "mpc.cost.R_dT": 2.4236202424871385,
        "mpc.cost.R_u_ddelta_cmd": 30.215200862763222,
        "mpc.cost.R_Mtv": 9.573714651608698e-07,
        "mpc.cost.Q_beta": 0.2082839412404706
      }
    },
    {
      "rank": 5,
      "candidate_id": 82,
      "phase": "phase2_planner_only_gpbo",
      "phase_trial": 17,
      "objective_cost": -25.72690985969312,
      "mean_cost": -27.644899865000003,
      "std_cost": 1.9179900053068824,
      "robust_cost": -25.72690985969312,
      "crashes": 0,
      "critical_crash_multiplier": 1.0,
      "theta": {
        "mpc.bounds.max_vx": 17.847148439013903,
        "mpc.model.mux": 1.2005340783294425,
        "mpc.model.muy": 1.1312534425451102,
        "mpc.cost.q_sdot": 0.6470124621547129,
        "mpc.cost.q_ey": 1.9706130369882908,
        "mpc.cost.Q_epsi": 1.5774883984397539,
        "mpc.cost.R_dT": 4.567423336727594,
        "mpc.cost.R_u_ddelta_cmd": 29.421363306517524,
        "mpc.cost.R_Mtv": 2.187921758545489e-06,
        "mpc.cost.Q_beta": 0.12995837614950279
      }
    },
    {
      "rank": 6,
      "candidate_id": 150,
      "phase": "phase3_joint_gpbo",
      "phase_trial": 21,
      "objective_cost": -25.530509553070793,
      "mean_cost": -26.853954775000002,
      "std_cost": 1.3234452219292105,
      "robust_cost": -25.530509553070793,
      "crashes": 0,
      "critical_crash_multiplier": 1.0,
      "theta": {
        "mpc.bounds.max_vx": 15.963420749356787,
        "mpc.model.mux": 0.8985597398141255,
        "mpc.model.muy": 1.1868847286711695,
        "mpc.cost.q_sdot": 1.0,
        "mpc.cost.q_ey": 2.593411468353474,
        "mpc.cost.Q_epsi": 3.9295093964506442,
        "mpc.cost.R_dT": 4.113152361540146,
        "mpc.cost.R_u_ddelta_cmd": 30.92043377219299,
        "mpc.cost.R_Mtv": 5.084957267748251e-06,
        "mpc.cost.Q_beta": 0.12286632109212121
      }
    },
    {
      "rank": 7,
      "candidate_id": 142,
      "phase": "phase3_joint_gpbo",
      "phase_trial": 13,
      "objective_cost": -25.100006232756513,
      "mean_cost": -27.171423988125003,
      "std_cost": 2.071417755368488,
      "robust_cost": -25.100006232756513,
      "crashes": 0,
      "critical_crash_multiplier": 1.0,
      "theta": {
        "mpc.bounds.max_vx": 16.81963534768376,
        "mpc.model.mux": 0.9118018357575883,
        "mpc.model.muy": 1.1599207725551255,
        "mpc.cost.q_sdot": 1.0,
        "mpc.cost.q_ey": 4.091855500262565,
        "mpc.cost.Q_epsi": 2.262525506374043,
        "mpc.cost.R_dT": 6.498181115376903,
        "mpc.cost.R_u_ddelta_cmd": 24.995668579975174,
        "mpc.cost.R_Mtv": 3.0544597345346455e-06,
        "mpc.cost.Q_beta": 0.1
      }
    },
    {
      "rank": 8,
      "candidate_id": 219,
      "phase": "phase3_joint_gpbo",
      "phase_trial": 90,
      "objective_cost": -24.511693753103458,
      "mean_cost": -26.684343706249997,
      "std_cost": 2.172649953146539,
      "robust_cost": -24.511693753103458,
      "crashes": 0,
      "critical_crash_multiplier": 1.0,
      "theta": {
        "mpc.cost.q_ey": 3.0674969370161396,
        "mpc.cost.Q_epsi": 21.793814919975606,
        "mpc.cost.R_dT": 12.15090272924599,
        "mpc.cost.R_u_ddelta_cmd": 4.211835990659969,
        "mpc.cost.R_Mtv": 8.239868321621232e-06,
        "mpc.cost.Q_beta": 0.8796613020860033,
        "mpc.bounds.max_vx": 17.92505951414828,
        "mpc.model.mux": 1.3488727512796144,
        "mpc.model.muy": 1.0987183616584653,
        "mpc.cost.q_sdot": 0.6628154490015957
      }
    },
    {
      "rank": 9,
      "candidate_id": 143,
      "phase": "phase3_joint_gpbo",
      "phase_trial": 14,
      "objective_cost": -24.186730739903727,
      "mean_cost": -25.6548069375,
      "std_cost": 1.468076197596272,
      "robust_cost": -24.186730739903727,
      "crashes": 0,
      "critical_crash_multiplier": 1.0,
      "theta": {
        "mpc.bounds.max_vx": 15.87441397000304,
        "mpc.model.mux": 1.028201189029538,
        "mpc.model.muy": 1.052908990215246,
        "mpc.cost.q_sdot": 0.8061115048278162,
        "mpc.cost.q_ey": 1.1398990094020083,
        "mpc.cost.Q_epsi": 1.502312281411782,
        "mpc.cost.R_dT": 5.194273268699505,
        "mpc.cost.R_u_ddelta_cmd": 31.285146504313058,
        "mpc.cost.R_Mtv": 1.4248342298659274e-06,
        "mpc.cost.Q_beta": 0.19661947262319887
      }
    },
    {
      "rank": 10,
      "candidate_id": 97,
      "phase": "phase2_planner_only_gpbo",
      "phase_trial": 32,
      "objective_cost": -24.049741767511776,
      "mean_cost": -26.732921374999997,
      "std_cost": 2.6831796074882197,
      "robust_cost": -24.049741767511776,
      "crashes": 0,
      "critical_crash_multiplier": 1.0,
      "theta": {
        "mpc.bounds.max_vx": 16.698758457569916,
        "mpc.model.mux": 1.6952371380419073,