{
  "episodes_done": 380,
  "trials_done": 95,
  "top10": [
    {
      "rank": 1,
      "candidate_id": 81,
      "phase": "phase2_planner_only_random",
      "phase_trial": 16,
      "objective_cost": 18.76771582680731,
      "mean_cost": 10.329144374999998,
      "std_cost": 8.438571451807315,
      "robust_cost": 18.76771582680731,
      "crashes": 0,
      "critical_crash_multiplier": 1.0,
      "theta": {
        "mpc.cost.q_ey": 6.883982659077481,
        "mpc.cost.Q_epsi": 1.6730192304559122,
        "mpc.cost.R_dT": 5.867562596497453,
        "mpc.cost.R_u_ddelta_cmd": 7.637076247150671,
        "mpc.cost.Q_beta": 0.617621008451733,
        "mpc.cost.q_sdot": 0.13639766372084414,
        "mpc.cost.R_Mtv": 3.4048765183928413e-07,
        "mpc.bounds.max_vx": 8.0,
        "mpc.model.mux": 0.832184089917462,
        "mpc.model.muy": 0.908146096170083
      }
    },
    {
      "rank": 2,
      "candidate_id": 69,
      "phase": "phase2_planner_only_random",
      "phase_trial": 4,
      "objective_cost": 25.13513155311068,
      "mean_cost": 13.005823750000001,
      "std_cost": 12.129307803110677,
      "robust_cost": 25.13513155311068,
      "crashes": 0,
      "critical_crash_multiplier": 1.0,
      "theta": {
        "mpc.bounds.max_vx": 8.0,
        "mpc.model.mux": 0.8609596270541084,
        "mpc.model.muy": 0.9402089145256846,
        "mpc.cost.q_ey": 6.883982659077481,
        "mpc.cost.Q_epsi": 1.6730192304559122,
        "mpc.cost.R_dT": 5.867562596497453,
        "mpc.cost.R_u_ddelta_cmd": 7.637076247150671,
        "mpc.cost.Q_beta": 0.617621008451733,
        "mpc.cost.q_sdot": 0.13639766372084414,
        "mpc.cost.R_Mtv": 3.4048765183928413e-07
      }
    },
    {
      "rank": 3,
      "candidate_id": 85,
      "phase": "phase2_planner_only_random",
      "phase_trial": 20,
      "objective_cost": 35.20231057763631,
      "mean_cost": 13.449526875000004,
      "std_cost": 21.752783702636304,
      "robust_cost": 35.20231057763631,
      "crashes": 0,
      "critical_crash_multiplier": 1.0,
      "theta": {
        "mpc.cost.q_ey": 6.883982659077481,
        "mpc.cost.Q_epsi": 1.6730192304559122,
        "mpc.cost.R_dT": 5.867562596497453,
        "mpc.cost.R_u_ddelta_cmd": 7.637076247150671,
        "mpc.cost.Q_beta": 0.617621008451733,
        "mpc.cost.q_sdot": 0.13639766372084414,
        "mpc.cost.R_Mtv": 3.4048765183928413e-07,
        "mpc.bounds.max_vx": 8.0,
        "mpc.model.mux": 1.0591244109380662,
        "mpc.model.muy": 1.0328138605563966
      }
    },
    {
      "rank": 4,
      "candidate_id": 90,
      "phase": "phase2_planner_only_random",
      "phase_trial": 25,
      "objective_cost": 36.748910684098256,
      "mean_cost": 16.73673125,
      "std_cost": 20.012179434098258,
      "robust_cost": 36.748910684098256,
      "crashes": 0,
      "critical_crash_multiplier": 1.0,
      "theta": {
        "mpc.cost.q_ey": 6.883982659077481,
        "mpc.cost.Q_epsi": 1.6730192304559122,
        "mpc.cost.R_dT": 5.867562596497453,
        "mpc.cost.R_u_ddelta_cmd": 7.637076247150671,
        "mpc.cost.Q_beta": 0.617621008451733,
        "mpc.cost.q_sdot": 0.13639766372084414,
        "mpc.cost.R_Mtv": 3.4048765183928413e-07,
        "mpc.bounds.max_vx": 8.372889583002353,
        "mpc.model.mux": 0.5,
        "mpc.model.muy": 1.4460052026094572
      }
    },
    {
      "rank": 5,
      "candidate_id": 66,
      "phase": "phase2_planner_only_random",
      "phase_trial": 1,
      "objective_cost": 41.70954116714776,
      "mean_cost": 23.918975,
      "std_cost": 17.790566167147762,
      "robust_cost": 41.70954116714776,
      "crashes": 0,
      "critical_crash_multiplier": 1.0,
      "theta": {
        "mpc.bounds.max_vx": 9.023659200385245,
        "mpc.model.mux": 0.5,
        "mpc.model.muy": 1.1771378674319437,
        "mpc.cost.q_ey": 6.883982659077481,
        "mpc.cost.Q_epsi": 1.6730192304559122,
        "mpc.cost.R_dT": 5.867562596497453,
        "mpc.cost.R_u_ddelta_cmd": 7.637076247150671,
        "mpc.cost.Q_beta": 0.617621008451733,
        "mpc.cost.q_sdot": 0.13639766372084414,
        "mpc.cost.R_Mtv": 3.4048765183928413e-07
      }
    },
    {
      "rank": 6,
      "candidate_id": 77,
      "phase": "phase2_planner_only_random",
      "phase_trial": 12,
      "objective_cost": 60.39043952825108,
      "mean_cost": 40.222023987499995,
      "std_cost": 20.168415540751088,
      "robust_cost": 60.39043952825108,
      "crashes": 0,
      "critical_crash_multiplier": 1.0,
      "theta": {
        "mpc.bounds.max_vx": 9.850520437517753,
        "mpc.model.mux": 0.9718649047257831,
        "mpc.model.muy": 0.7562409688198081,
        "mpc.cost.q_ey": 6.883982659077481,
        "mpc.cost.Q_epsi": 1.6730192304559122,
        "mpc.cost.R_dT": 5.867562596497453,
        "mpc.cost.R_u_ddelta_cmd": 7.637076247150671,
        "mpc.cost.Q_beta": 0.617621008451733,
        "mpc.cost.q_sdot": 0.13639766372084414,
        "mpc.cost.R_Mtv": 3.4048765183928413e-07
      }
    },
    {
      "rank": 7,
      "candidate_id": 87,
      "phase": "phase2_planner_only_random",
      "phase_trial": 22,
      "objective_cost": 74.57086991728441,
      "mean_cost": 35.096875625,
      "std_cost": 39.47399429228441,
      "robust_cost": 74.57086991728441,
      "crashes": 0,
      "critical_crash_multiplier": 1.0,
      "theta": {
        "mpc.cost.q_ey": 6.883982659077481,
        "mpc.cost.Q_epsi": 1.6730192304559122,
        "mpc.cost.R_dT": 5.867562596497453,
        "mpc.cost.R_u_ddelta_cmd": 7.637076247150671,
        "mpc.cost.Q_beta": 0.617621008451733,
        "mpc.cost.q_sdot": 0.13639766372084414,
        "mpc.cost.R_Mtv": 3.4048765183928413e-07,
        "mpc.bounds.max_vx": 9.238803781230425,
        "mpc.model.mux": 0.5,
        "mpc.model.muy": 1.2867239984679626
      }
    },
    {
      "rank": 8,
      "candidate_id": 93,
      "phase": "phase2_planner_only_random",
      "phase_trial": 28,
      "objective_cost": 76.68118631439313,
      "mean_cost": 46.69368844375,
      "std_cost": 29.987497870643136,
      "robust_cost": 76.68118631439313,
      "crashes": 0,
      "critical_crash_multiplier": 1.0,
      "theta": {
        "mpc.cost.q_ey": 6.883982659077481,
        "mpc.cost.Q_epsi": 1.6730192304559122,
        "mpc.cost.R_dT": 5.867562596497453,
        "mpc.cost.R_u_ddelta_cmd": 7.637076247150671,
        "mpc.cost.Q_beta": 0.617621008451733,
        "mpc.cost.q_sdot": 0.13639766372084414,
        "mpc.cost.R_Mtv": 3.4048765183928413e-07,
        "mpc.bounds.max_vx": 8.0,
        "mpc.model.mux": 0.9639306887002742,
        "mpc.model.muy": 0.8746584277628345
      }
    },
    {
      "rank": 9,
      "candidate_id": 71,
      "phase": "phase2_planner_only_random",
      "phase_trial": 6,
      "objective_cost": 97.19741760399218,
      "mean_cost": 70.4714749375,
      "std_cost": 26.72594266649217,
      "robust_cost": 97.19741760399218,
      "crashes": 0,
      "critical_crash_multiplier": 1.0,
      "theta": {
        "mpc.bounds.max_vx": 10.74213663886373,
        "mpc.model.mux": 0.7554378377574951,
        "mpc.model.muy": 1.1038378746898845,
        "mpc.cost.q_ey": 6.883982659077481,
        "mpc.cost.Q_epsi": 1.6730192304559122,
        "mpc.cost.R_dT": 5.867562596497453,
        "mpc.cost.R_u_ddelta_cmd": 7.637076247150671,
        "mpc.cost.Q_beta": 0.617621008451733,
        "mpc.cost.q_sdot": 0.13639766372084414,
        "mpc.cost.R_Mtv": 3.4048765183928413e-07
      }
    },
    {
      "rank": 10,
      "candidate_id": 83,
      "phase": "phase2_planner_only_random",
      "phase_trial": 18,
      "objective_cost": 151.87196977794187,
      "mean_cost": 151.33306249999998,
      "std_cost": 0.5389072779419014,
      "robust_cost": 151.87196977794187,
      "crashes": 4,
      "critical_crash_multiplier": 1.0,
      "theta": {
        "mpc.cost.q_ey": 6.883982659077481,
        "mpc.cost.Q_epsi": 1.6730192304559122,
        "mpc.cost.R_dT": 5.867562596497453,