{
  "episodes_done": 896,
  "trials_done": 224,
  "top10": [
    {
      "rank": 1,
      "candidate_id": 215,
      "phase": "unstaged_joint_random",
      "phase_trial": 214,
      "objective_cost": -26.652707109863492,
      "mean_cost": -27.53444969125,
      "std_cost": 0.8817425813865085,
      "robust_cost": -26.652707109863492,
      "crashes": 0,
      "critical_crash_multiplier": 1.0,
      "theta": {
        "mpc.bounds.max_vx": 15.300843816236418,
        "mpc.model.mux": 1.7,
        "mpc.model.muy": 1.3350313625052561,
        "mpc.cost.q_ey": 0.21894368504342152,
        "mpc.cost.Q_epsi": 18.36990976320055,
        "mpc.cost.R_dT": 0.41422866971149486,
        "mpc.cost.R_u_ddelta_cmd": 12.475426306784739,
        "mpc.cost.Q_beta": 0.33790924514692156,
        "mpc.cost.q_sdot": 0.2,
        "mpc.cost.R_Mtv": 9.626684191770358e-07
      }
    },
    {
      "rank": 2,
      "candidate_id": 165,
      "phase": "unstaged_joint_random",
      "phase_trial": 164,
      "objective_cost": -25.978118083139854,
      "mean_cost": -27.5745850875,
      "std_cost": 1.596467004360145,
      "robust_cost": -25.978118083139854,
      "crashes": 0,
      "critical_crash_multiplier": 1.0,
      "theta": {
        "mpc.bounds.max_vx": 16.416830961769808,
        "mpc.model.mux": 1.7,
        "mpc.model.muy": 1.2531469833081101,
        "mpc.cost.q_ey": 0.1424737227237475,
        "mpc.cost.Q_epsi": 13.086302567238318,
        "mpc.cost.R_dT": 1.80758667937114,
        "mpc.cost.R_u_ddelta_cmd": 11.586515894558318,
        "mpc.cost.Q_beta": 0.572094444450317,
        "mpc.cost.q_sdot": 0.16529265154513492,
        "mpc.cost.R_Mtv": 1.5175148028546982e-06
      }
    },
    {
      "rank": 3,
      "candidate_id": 72,
      "phase": "unstaged_joint_random",
      "phase_trial": 71,
      "objective_cost": -25.925207098833003,
      "mean_cost": -27.4416671875,
      "std_cost": 1.516460088666997,
      "robust_cost": -25.925207098833003,
      "crashes": 0,
      "critical_crash_multiplier": 1.0,
      "theta": {
        "mpc.bounds.max_vx": 16.512186719389288,
        "mpc.model.mux": 1.481257296270461,
        "mpc.model.muy": 1.2254953684120178,
        "mpc.cost.q_ey": 0.3170757690424115,
        "mpc.cost.Q_epsi": 1.020300571657718,
        "mpc.cost.R_dT": 4.753574845936946,
        "mpc.cost.R_u_ddelta_cmd": 13.240613043630647,
        "mpc.cost.Q_beta": 0.47314221120899874,
        "mpc.cost.q_sdot": 0.2,
        "mpc.cost.R_Mtv": 1e-05
      }
    },
    {
      "rank": 4,
      "candidate_id": 97,
      "phase": "unstaged_joint_random",
      "phase_trial": 96,
      "objective_cost": -25.89405342061897,
      "mean_cost": -26.836910999999997,
      "std_cost": 0.9428575793810281,
      "robust_cost": -25.89405342061897,
      "crashes": 0,
      "critical_crash_multiplier": 1.0,
      "theta": {
        "mpc.bounds.max_vx": 15.388363640812923,
        "mpc.model.mux": 1.7,
        "mpc.model.muy": 1.292328701184272,
        "mpc.cost.q_ey": 0.15382462528667046,
        "mpc.cost.Q_epsi": 23.38139700362443,
        "mpc.cost.R_dT": 1.9050487357336405,
        "mpc.cost.R_u_ddelta_cmd": 25.1524915534126,
        "mpc.cost.Q_beta": 0.23281371128730466,
        "mpc.cost.q_sdot": 0.2,
        "mpc.cost.R_Mtv": 1e-05
      }
    },
    {
      "rank": 5,
      "candidate_id": 91,
      "phase": "unstaged_joint_random",
      "phase_trial": 90,
      "objective_cost": -25.30160428192087,
      "mean_cost": -27.189336718750003,
      "std_cost": 1.8877324368291317,
      "robust_cost": -25.30160428192087,
      "crashes": 0,
      "critical_crash_multiplier": 1.0,
      "theta": {
        "mpc.bounds.max_vx": 17.36657748424035,
        "mpc.model.mux": 1.7,
        "mpc.model.muy": 1.2788626661183329,
        "mpc.cost.q_ey": 0.8270874315028849,
        "mpc.cost.Q_epsi": 0.606805260305559,
        "mpc.cost.R_dT": 2.107784083058987,
        "mpc.cost.R_u_ddelta_cmd": 8.526482558579826,
        "mpc.cost.Q_beta": 0.10371551539248886,
        "mpc.cost.q_sdot": 0.07060964669682582,
        "mpc.cost.R_Mtv": 7.56131252678279e-06
      }
    },
    {
      "rank": 6,
      "candidate_id": 194,
      "phase": "unstaged_joint_random",
      "phase_trial": 193,
      "objective_cost": -25.173431658037305,
      "mean_cost": -25.948528437500002,
      "std_cost": 0.7750967794626952,
      "robust_cost": -25.173431658037305,
      "crashes": 0,
      "critical_crash_multiplier": 1.0,
      "theta": {
        "mpc.bounds.max_vx": 14.277613420659922,
        "mpc.model.mux": 1.7,
        "mpc.model.muy": 1.3025954328594986,
        "mpc.cost.q_ey": 0.1,
        "mpc.cost.Q_epsi": 19.085271727517444,
        "mpc.cost.R_dT": 0.5857915395533451,
        "mpc.cost.R_u_ddelta_cmd": 4.6067883756719725,
        "mpc.cost.Q_beta": 0.4628589752129543,
        "mpc.cost.q_sdot": 0.08798316683656338,
        "mpc.cost.R_Mtv": 5.206024374678829e-07
      }
    },
    {
      "rank": 7,
      "candidate_id": 209,
      "phase": "unstaged_joint_random",
      "phase_trial": 208,
      "objective_cost": -25.002874508720847,
      "mean_cost": -25.8205689525,
      "std_cost": 0.8176944437791517,
      "robust_cost": -25.002874508720847,
      "crashes": 0,
      "critical_crash_multiplier": 1.0,
      "theta": {
        "mpc.bounds.max_vx": 14.044289441651198,
        "mpc.model.mux": 1.7,
        "mpc.model.muy": 1.3834411988074435,
        "mpc.cost.q_ey": 0.34672393259223466,
        "mpc.cost.Q_epsi": 0.922569413262986,
        "mpc.cost.R_dT": 1.4076129555055357,
        "mpc.cost.R_u_ddelta_cmd": 3.7205525374355575,
        "mpc.cost.Q_beta": 0.04710519107659229,
        "mpc.cost.q_sdot": 0.2,
        "mpc.cost.R_Mtv": 9.483104519509466e-06
      }
    },
    {
      "rank": 8,
      "candidate_id": 59,
      "phase": "unstaged_joint_random",
      "phase_trial": 58,
      "objective_cost": -24.96232211472352,
      "mean_cost": -25.911961462500003,
      "std_cost": 0.9496393477764825,
      "robust_cost": -24.96232211472352,
      "crashes": 0,
      "critical_crash_multiplier": 1.0,
      "theta": {
        "mpc.bounds.max_vx": 14.628392796075062,
        "mpc.model.mux": 1.4799876561653678,
        "mpc.model.muy": 1.373789278746926,
        "mpc.cost.q_ey": 0.3599662629014638,
        "mpc.cost.Q_epsi": 0.2568662884650319,
        "mpc.cost.R_dT": 4.657363324569103,
        "mpc.cost.R_u_ddelta_cmd": 15.634299683426915,
        "mpc.cost.Q_beta": 0.32597616502097937,
        "mpc.cost.q_sdot": 0.1443165676648831,
        "mpc.cost.R_Mtv": 3.1467022570900785e-06
      }
    },
    {
      "rank": 9,
      "candidate_id": 193,
      "phase": "unstaged_joint_random",
      "phase_trial": 192,
      "objective_cost": -24.418746210332067,
      "mean_cost": -26.11731131875,
      "std_cost": 1.6985651084179336,
      "robust_cost": -24.418746210332067,
      "crashes": 0,
      "critical_crash_multiplier": 1.0,
      "theta": {
        "mpc.bounds.max_vx": 16.19617688253655,
        "mpc.model.mux": 1.0415410581704871,
        "mpc.model.muy": 1.2049695808006209,
        "mpc.cost.q_ey": 0.17264791534190013,
        "mpc.cost.Q_epsi": 5.7983127096300695,
        "mpc.cost.R_dT": 3.6548827840815736,
        "mpc.cost.R_u_ddelta_cmd": 30.0,
        "mpc.cost.Q_beta": 0.9403334383519332,
        "mpc.cost.q_sdot": 0.2,
        "mpc.cost.R_Mtv": 3.4594319614673035e-06
      }
    },
    {
      "rank": 10,
      "candidate_id": 138,
      "phase": "unstaged_joint_random",
      "phase_trial": 137,
      "objective_cost": -24.052812459382757,
      "mean_cost": -25.915301024999998,
      "std_cost": 1.8624885656172407,
      "robust_cost": -24.052812459382757,
      "crashes": 0,
      "critical_crash_multiplier": 1.0,
      "theta": {
        "mpc.bounds.max_vx": 14.703095434233845,
        "mpc.model.mux": 1.7,
        "mpc.model.muy": 1.3719585971753987,
        "mpc.cost.q_ey": 0.3239186828530841,
        "mpc.cost.Q_epsi": 0.22954185034829624,